,baseMean,log2FoldChange,lfcSE,stat,pvalue,padj
PMI_017349,1149.36963223099,5.39636953974917,0.443710780134169,12.1619076690393,4.95870116720611e-34,1.01221966926178e-29
PMI_027270,1706.33679412967,4.5774190277145,0.435606153857884,10.5081596923626,7.92243927522773e-26,8.08603764626118e-22
PMI_000092,984.103079373263,3.95087567820982,0.516430573613935,7.65035201258891,2.00429880794699e-14,1.36379171888739e-10
PMI_001624,426.274983413744,3.37977656409217,0.445694088936771,7.58317565340572,3.37197831065204e-14,1.7208048313835e-10
PMI_021839,299.898917783147,-3.09207651042253,0.431415654327798,-7.16727934975004,7.65028280781061e-13,3.12330445911676e-09
PMI_006810,314.60425037135,-3.88129082509428,0.545386138749645,-7.11659235416681,1.10628058245389e-12,3.76375092160522e-09
PMI_012632,764.362336600944,4.88958266536611,0.689871735499262,7.08766921988405,1.36389483102168e-12,3.97731216937794e-09
PMI_015010,438.50711035784,-3.07411043005185,0.448792137255061,-6.84974217430363,7.39832051627435e-12,1.77577856930894e-08
PMI_021875,151.078721076514,-3.20093233797582,0.467860592303008,-6.84163699750705,7.82932793993068e-12,1.77577856930894e-08
PMI_008847,1130.05345898749,-2.74187732110727,0.401795621855323,-6.82405972580397,8.85030582783586e-12,1.80661292863614e-08
PMI_009038,522.828982554344,-2.80141872504125,0.412810446931054,-6.78621082840263,1.15116893604043e-11,2.13625559012666e-08
PMI_001510,132.899076414595,-3.31177299047613,0.494075749321873,-6.70296608368573,2.04230880690062e-11,3.47413747293854e-08
PMI_008872,278.771312049112,-2.9043263976878,0.434790952603904,-6.67982252228154,2.39231790965967e-11,3.75649119152944e-08
PMI_016293,82.6717523150997,3.36058186376626,0.504752772638007,6.65787697649035,2.77811153714404e-11,4.05068505769438e-08
PMI_015901,446.653863453156,2.9566352511955,0.45662600320024,6.47496031867233,9.48368612512158e-11,1.29060323248071e-07
PMI_012218,304.823589737262,2.96403194142927,0.461326792720039,6.42501582002852,1.31855803634101e-10,1.62733666119722e-07
PMI_012931,471.544089760598,2.7442239154191,0.427393333008926,6.42083931468765,1.35525024446935e-10,1.62733666119722e-07
PMI_004374,93.4123435461499,-3.29598138284492,0.51448592279287,-6.40635872980312,1.49036071857366e-10,1.69015185268023e-07
PMI_008871,76.3025012350619,-3.85310379130128,0.602787180420162,-6.39214621089908,1.63573372436798e-10,1.75738065871177e-07
PMI_014133,501.80664169385,-3.31942079199175,0.530696945310198,-6.25483304798657,3.97941379422073e-10,3.86817970387751e-07
PMI_022566,210.699134856588,3.01807406096938,0.482072619808337,6.26062119472644,3.8344693330194e-10,3.86817970387751e-07
PMI_014818,125.529580082105,-3.05653430349402,0.491128875701523,-6.22348726518696,4.86224300246329e-10,4.51149847314924e-07
PMI_026476,173.618820513572,-3.15459471828485,0.509279481287551,-6.1942309364388,5.8570299461978e-10,5.19824140398851e-07
PMI_017093,67.6350042733617,-4.11470587101782,0.667306306674704,-6.16614263923574,6.99759671744422e-10,5.95174757471621e-07
PMI_011416,221.692051271863,-2.67894942358098,0.440887615668063,-6.07626371977278,1.23015040990317e-09,1.00444241269414e-06
PMI_015924,196.986862706626,-3.11161057840932,0.513094793082063,-6.0643971062705,1.32449538569455e-09,1.03988170416088e-06
PMI_003505,179.64778033796,-2.746752284105,0.456482302634002,-6.01721527484339,1.7744303869884e-09,1.34153509220719e-06
PMI_027296,307.157100295516,2.71005429888189,0.452289612758878,5.99185615241325,2.07459394667852e-09,1.5124530797696e-06
PMI_026189,157.334269875116,2.78746036209139,0.466997893190362,5.96889279959801,2.38868984119786e-09,1.68139054235765e-06
PMI_006747,121.479794621691,-2.77936107348003,0.475105266530652,-5.84999003226313,4.91602472028728e-09,3.23712298758788e-06
PMI_022698,394.078380839784,2.46619819965984,0.421382911717066,5.85262983164288,4.83860255622906e-09,3.23712298758788e-06
PMI_024954,71.5987061859886,-3.04013714601055,0.527463551315033,-5.76369142176953,8.22938182087395e-09,5.24957409717187e-06
PMI_012957,69.9337977876648,-3.07424430915347,0.534483359860595,-5.75180546304623,8.82953681043114e-09,5.46173742155548e-06
PMI_010668,101.373899321582,-2.85978375764193,0.498319119775592,-5.73886018848681,9.53158648121862e-09,5.72259631885634e-06
PMI_020637,38.0829528799813,4.39323220825381,0.767918556501485,5.72096112414405,1.05923134176161e-08,6.1777398226799e-06
PMI_009924,135.39202228246,-2.82085280542753,0.493520390002078,-5.71577763061756,1.09203466952693e-08,6.19213991918147e-06
PMI_015009,168.287924874444,-3.18989539096797,0.562069294159986,-5.67527069012954,1.38469518392223e-08,7.63940075389311e-06
PMI_004572,93.5313377984425,2.83837789397811,0.50114804078389,5.66375135287042,1.48098967268313e-08,7.75165184320018e-06
PMI_021865,2973.66487631355,2.27010403985632,0.40069326276635,5.66544100138777,1.46646877699853e-08,7.75165184320018e-06
PMI_017258,204.364425858395,2.47872414396295,0.438262604769718,5.65579658630783,1.55125102082166e-08,7.91642177200814e-06
PMI_017323,96.5340264757712,-3.59080840972717,0.638877316618809,-5.62049757648486,1.90408262797215e-08,9.48000943531599e-06
PMI_001608,153.060319654988,2.61401851318746,0.467694707148831,5.58915564626139,2.28176366290842e-08,1.05858276479431e-05
PMI_011622,47.0804565723664,3.69248394275678,0.659908034522982,5.59545231999775,2.20047317587857e-08,1.05858276479431e-05
PMI_020625,1470.86676658033,-2.32198073034935,0.415194848935534,-5.59250852052329,2.23812166950437e-08,1.05858276479431e-05
PMI_024181,4182.33159568106,3.03279081759497,0.543814242295415,5.57688744008193,2.44860192661796e-08,1.11074024729005e-05
PMI_003439,386.41578684705,2.30298427713806,0.415202124186949,5.54665822494954,2.9118112811754e-08,1.29214790614421e-05
PMI_028942,731.721223514044,2.80573006566177,0.506570354102124,5.53867798014911,3.04763427140164e-08,1.32364592302387e-05
PMI_014540,104.580435337913,-2.7650874909102,0.503988021831207,-5.48641509546882,4.10172427135063e-08,1.74434369898084e-05
PMI_010837,443.360844529656,-2.45772799986412,0.449344809076363,-5.46958137764187,4.510997683424e-08,1.87383504908918e-05
PMI_027916,29.4422430827032,-4.57767307690405,0.837403117441029,-5.46651067038381,4.58980808575216e-08,1.87383504908918e-05
PMI_021611,227.801583772071,2.33804434276622,0.429774413139786,5.44016644845201,5.3230814170087e-08,2.13058943069409e-05
PMI_016563,176.097651734947,-2.53645848431975,0.472045000326644,-5.3733404284858,7.72912064414928e-08,3.03412576363498e-05
PMI_008214,462.900828715416,-2.31996753975037,0.433314605506692,-5.35400263519284,8.60296060989525e-08,3.31343839490173e-05
PMI_019393,13722.3364631394,2.44416831088825,0.45690380877458,5.34941548735067,8.82387541560677e-08,3.33558831219965e-05
PMI_013396,37.0625857032616,4.37862012973294,0.819430926062365,5.34348898786826,9.11743708309451e-08,3.38389533049469e-05
PMI_012058,611.147281663069,-2.23640927810335,0.421184069121278,-5.30981450169567,1.09736866931968e-07,4.00010475836119e-05
PMI_022571,48.4965558335043,-3.16582151384199,0.59692322628239,-5.30356564203168,1.13562341883606e-07,4.06692646468431e-05
PMI_005825,138.79800410547,-2.72369516022482,0.514368776083502,-5.29521869691145,1.18874056901141e-07,4.18375193710862e-05
PMI_004039,33.5175983767869,3.31376575470954,0.629521269477303,5.26394566058266,1.4099613912388e-07,4.87822743717925e-05
PMI_001413,235.251517831248,-3.36378643547231,0.639804674001786,-5.25752088435496,1.460103176449e-07,4.96751435680891e-05
PMI_020185,48.776306675515,-3.58223740359107,0.683608456265517,-5.24018884020316,1.60412357742734e-07,5.36802862065971e-05
PMI_001308,713.727021445448,-3.06134944859491,0.584871715777175,-5.23422378961684,1.65679621046764e-07,5.40824743801432e-05
PMI_024182,928.437888375599,2.21747631749047,0.423760444134309,5.23285348640905,1.66913040021017e-07,5.40824743801432e-05
PMI_001346,511.020211978192,-2.19758985514447,0.422999640132032,-5.19525230437201,2.04442377322017e-07,6.52075351292866e-05
PMI_003904,71.4800255304578,-3.08356235518723,0.594445021492594,-5.18729612276793,2.13369310019433e-07,6.68416126951084e-05
PMI_021342,464.468563486146,-2.99463828011247,0.577567588404711,-5.18491400873776,2.16114556306136e-07,6.68416126951084e-05
PMI_001310,325.699372129287,-3.17599597098217,0.615500518099526,-5.16002160451246,2.46921346417679e-07,7.17518041702243e-05
PMI_005014,53.4984303147227,-3.24734539146128,0.628935105608823,-5.1632439698493,2.42706473456797e-07,7.17518041702243e-05
PMI_015900,408.52548386472,2.16786493458228,0.420503145502257,5.15540717773453,2.53080385061292e-07,7.17518041702243e-05
PMI_019761,248.579288665794,-2.49073700119854,0.482653066582399,-5.16051212278649,2.46275213689374e-07,7.17518041702243e-05
PMI_020560,133.203335197612,-2.64462172855377,0.512304855748963,-5.16220312744736,2.44060243778421e-07,7.17518041702243e-05
PMI_027561,45.8334791408333,-3.12578891586152,0.606142575803439,-5.15685424624446,2.51133132821939e-07,7.17518041702243e-05
PMI_016664,78.5628139394897,-2.64659262803545,0.513712016731888,-5.15189939466948,2.57861364576601e-07,7.21058087000296e-05
PMI_024324,62.9489905744519,2.80361005357486,0.544820740597186,5.14593121124901,2.66196962625028e-07,7.34307918657391e-05
PMI_022414,292.292763532844,-3.11806319585362,0.606314397702303,-5.14265075622461,2.70888910869043e-07,7.37287378342636e-05
PMI_028391,61.2813267863826,2.80976858734065,0.546738502892969,5.13914526318022,2.75990985420077e-07,7.41289998076319e-05
PMI_027951,51.4159308222317,-3.05813138520154,0.595789506492339,-5.13290575258035,2.85302791946169e-07,7.56348817142486e-05
PMI_004368,26.760528683758,-4.23865036707806,0.827342989410713,-5.12320817524192,3.00380393636554e-07,7.86110894269613e-05
PMI_008022,331.705238074441,-3.17344989692038,0.619811430042291,-5.12002480609925,3.05495469520709e-07,7.89377091053953e-05
PMI_005401,138.207504987409,-2.47021959305387,0.485437615275254,-5.08864479249966,3.60631378599439e-07,9.20196041418793e-05
PMI_029094,191.118114818283,2.43406772221449,0.478888444076763,5.08274474425264,3.72019492360966e-07,9.37535049082023e-05
PMI_007293,97.7839190940954,2.37530598721035,0.468048787195174,5.07491110370051,3.87677201808446e-07,9.65079843965343e-05
PMI_003744,271.25601450645,-3.07179373163525,0.607664713927032,-5.05507998281451,4.30210433675402e-07,0.000103245500244487
PMI_020466,717.548127987201,2.17749033368613,0.430932061491226,5.05297824940432,4.34973449322777e-07,0.000103245500244487
PMI_022656,126.725034547771,-2.44272478531464,0.48304521270654,-5.05692784248469,4.26064355157983e-07,0.000103245500244487
PMI_024838,765.078680716157,-2.56788050857903,0.508066190421377,-5.05422434515727,4.32143403162185e-07,0.000103245500244487
PMI_025224,88.6749854918668,-2.84132824824341,0.563199951229911,-5.04497246854965,4.53586675463625e-07,0.00010642603225562
PMI_014083,45.2320717200378,-2.95719857088011,0.58691790265858,-5.03852166969997,4.6914131203269e-07,0.00010760204047779
PMI_022925,1263.27888048375,-2.46560438858125,0.489337040838088,-5.038662890425,4.68795347163663e-07,0.00010760204047779
PMI_013094,40.2121432990448,-3.10270306027736,0.616457460132061,-5.03311787258229,4.82566200549366e-07,0.000109451376131269
PMI_015040,135.750944888908,2.54027115593375,0.505289013900146,5.02736272915633,4.9727120635637e-07,0.000111547221267611
PMI_019306,365.569573769398,-2.22609371715606,0.443179604995566,-5.0230057792897,5.08690133268664e-07,0.000112669822811442
PMI_022413,348.750925711192,-2.92900798762877,0.583320383460909,-5.02126802127267,5.13314726961451e-07,0.000112669822811442
PMI_014907,609.240502363756,-2.46104026672026,0.490674132783509,-5.01563074613127,5.28597632796271e-07,0.000114790037002875
PMI_002305,53.8380604170499,-2.92696607268349,0.584289177067968,-5.00944769740791,5.45864584715861e-07,0.000117291934397946
PMI_008870,37.0682119538754,-3.69917109384861,0.739260907124413,-5.00387760018001,5.61884415635547e-07,0.000119476526837171
PMI_009681,1454.1862834761,2.13042258395299,0.426751449440587,4.99218593573774,5.96997405860194e-07,0.000125634103565197
PMI_020184,37.4292270478898,-3.51420215793399,0.707642572126075,-4.96606944855755,6.83234961416141e-07,0.000142315053748854
PMI_018410,77.3420133452527,-2.60975533387344,0.525741097465701,-4.96395535074886,6.9071829006057e-07,0.00014242052984855
PMI_023363,66.9140288328987,-2.86584303842034,0.577916199868539,-4.95892490826912,7.08843575962951e-07,0.000144696239161317
PMI_008849,529.659181501123,-2.03418379954846,0.413612544379852,-4.91809019622073,8.73926453407202e-07,0.000176628323697042
PMI_012746,454.362069734609,-2.05114220939638,0.417409037384796,-4.91398610400833,8.92430778514645e-07,0.000178599896880583
PMI_027299,500.521339652997,-2.06836459509562,0.422764538356506,-4.89247419647914,9.95761745293439e-07,0.000197344509773543
PMI_005829,584.961330364382,2.74724215889207,0.561774052943633,4.89029734373958,1.00683769973536e-06,0.000197620941968249
PMI_005483,139.63884288161,-2.40026970889455,0.491053517609871,-4.8880002338187,1.01865409596838e-06,0.000198036057723834
PMI_017105,850.749279032361,2.00989843002684,0.411954004918731,4.87893892528937,1.0665808238701e-06,0.000205397305260946
PMI_011453,1740.65918055408,2.29961486819637,0.472089462133393,4.87114213014693,1.10954985137436e-06,0.000211675150617801
PMI_009850,51.2490989336755,-2.91859768536003,0.601892784330552,-4.84903252097665,1.24065082264773e-06,0.000233225978326934
PMI_010266,56.0536585171124,3.212343899321,0.662573909862816,4.84828009600635,1.24536479878684e-06,0.000233225978326934
PMI_000340,1228.87382972889,2.28429379267494,0.473132276285871,4.82802359333175,1.37894759692364e-06,0.000255895066327293
PMI_001432,118.746467746998,-2.25206865089468,0.466765319424425,-4.82484142924701,1.40114698476903e-06,0.000257672192793606
PMI_007711,37.6371819157503,-3.0212079110092,0.627642168242879,-4.81358338217976,1.4824770401234e-06,0.000270194676964634
PMI_015925,844.585148718404,-2.61159876283607,0.542877919222139,-4.81065571165262,1.50435953324201e-06,0.000271756558867868
PMI_000901,86.8540420550187,-2.38621465787109,0.497285916445974,-4.79847624667313,1.59877264013322e-06,0.000280337853372136
PMI_007866,79.5592245859178,-2.52421440076838,0.52566515915841,-4.8019435125007,1.57133024350237e-06,0.000280337853372136
PMI_009848,139.832115271974,-2.2219769943143,0.462847380515318,-4.80066883351577,1.58136590184947e-06,0.000280337853372136
PMI_010657,46.7039518566167,-2.84905019829693,0.593864731149759,-4.79747331144079,1.60679610270611e-06,0.000280337853372136
PMI_022087,22.6442042464133,-4.2008135902729,0.876295021667802,-4.79383482320569,1.63623010799293e-06,0.00028305394232593
PMI_010656,39.1517484454276,-3.30906876640886,0.69064108068426,-4.79130022663923,1.65703957076656e-06,0.000284244947546704
PMI_000073,37.7617320581669,-3.05427334497177,0.637963463910841,-4.78753646211724,1.68841069234807e-06,0.000287212728857509
PMI_020940,77.9275478703787,-2.57453435174527,0.539762693823666,-4.76975230264124,1.84452586372089e-06,0.000311176086414336
PMI_000467,22.711800676744,3.3996214191168,0.714850548350203,4.75570932548454,1.97750834362975e-06,0.000329372677097383
PMI_008942,155.814105530153,-2.13236430564909,0.448448620181044,-4.7549801910155,1.98465876073963e-06,0.000329372677097383
PMI_014179,48.3205871159815,-2.79196501581623,0.588945037848399,-4.7406206630353,2.13064516800881e-06,0.000350748869472289
PMI_021608,261.663688743914,-2.23606433224954,0.472068747741433,-4.73673451790184,2.17189379185065e-06,0.000354678943784378
PMI_009493,670.730178249324,-2.38644086271443,0.504357990586161,-4.73164083301412,2.22712219636642e-06,0.000360811471384347
PMI_007938,149.741261692086,-2.22140230678883,0.470565532444575,-4.72070764564652,2.35025541875861e-06,0.000366227205061981
PMI_008881,57.3584967005666,-2.54639716638516,0.539172979392966,-4.72278334357936,2.32638642652364e-06,0.000366227205061981
PMI_011411,23.2237336655924,-4.3125684616619,0.912487285640679,-4.72616827601487,2.2879606886787e-06,0.000366227205061981
PMI_016746,147.905634050536,2.21711257556374,0.469576813996842,4.72151202844238,2.34097783888142e-06,0.000366227205061981
PMI_019436,1510.11114020095,-2.05435590995313,0.435067754083523,-4.72192179418274,2.33626521702082e-06,0.000366227205061981
PMI_000335,218.030914124134,-2.46246118156698,0.522403924995082,-4.71371110312804,2.43245469620334e-06,0.000376164376618172
PMI_004877,290.797232204436,1.9840908307816,0.422500786537701,4.69606422994092,2.65222173474198e-06,0.000407066182490888
PMI_003785,388.075341504063,-1.93397634044812,0.413920785415185,-4.67233443835934,2.97795540242557e-06,0.000453649280818754
PMI_012373,161.89626940371,2.0383088427797,0.438186405538971,4.65169347340333,3.29220195494167e-06,0.000497805322268328
PMI_014819,162.761984519557,-2.07623710615942,0.44705047950801,-4.64430126200596,3.41229337469211e-06,0.000512170181305809
PMI_001271,75.6540119909262,-2.41832439432656,0.521231834579163,-4.63963295004629,3.49028536230816e-06,0.000517137964343244
PMI_022644,370.736947720358,-2.31404339974538,0.498792424608091,-4.63929138772218,3.49605834906029e-06,0.000517137964343244
PMI_004453,823.857314364287,-2.08409069245229,0.449823414401417,-4.63313074804167,3.60176900472957e-06,0.000524855719260686
PMI_014082,39.2479238914389,-2.81953093090509,0.608514617968388,-4.63346458351073,3.59596302336714e-06,0.000524855719260686
PMI_025817,64.4376413863153,-2.47077102840355,0.533438877003422,-4.63177907520171,3.62536895193047e-06,0.000524855719260686
PMI_008946,77.9761306640659,-2.57624196209649,0.558804769926812,-4.61027196033761,4.02142543506791e-06,0.000578094066239727
PMI_008671,43.3419553273994,2.86935330163762,0.622834308671693,4.60692877975369,4.08659891064409e-06,0.000583354850090754
PMI_004287,180.267048588198,-2.4003561554092,0.522933017638281,-4.59017899892785,4.42866054500384e-06,0.000627793386841412
PMI_010553,184.624104978146,-2.07787664403175,0.452886355811377,-4.58807517022475,4.47351568034447e-06,0.000629778452295667
PMI_003042,570.547427944813,-2.00434524226066,0.437415471561366,-4.58224587965784,4.60008553195748e-06,0.000643029069077375
PMI_017291,73.3880354145816,-2.29599829585037,0.501215375429602,-4.58086165828897,4.63064092266566e-06,0.000643029069077375
PMI_011648,1580.31241505362,-2.59393622820354,0.566852194872636,-4.57603631363968,4.73868326138067e-06,0.000653586090638943
PMI_000755,63.8272203493618,-2.64280672840638,0.578089960996967,-4.57161844472896,4.83971597790603e-06,0.000663041088973126
PMI_016464,586.124391100267,-2.48395701687378,0.54356038141821,-4.56979040744813,4.8821222113566e-06,0.000664391738002815
PMI_019055,719.192246374543,-1.86389033909547,0.408031867846689,-4.56800187919586,4.92395619212466e-06,0.000665647137416163
PMI_003565,77.9184079947559,2.55656865749996,0.563374208122757,4.53795828889436,5.68014915674869e-06,0.00075778582756724
PMI_018130,241.382979853201,-2.10593018195214,0.464023798454295,-4.53840985950976,5.66800147304974e-06,0.00075778582756724
PMI_024222,20.4882740245743,3.60284145365419,0.79417254267034,4.53659785509573,5.71689695024519e-06,0.00075778582756724
PMI_005620,109.344363599374,-2.1888890291942,0.483372767390627,-4.52836646344475,5.94414274134195e-06,0.00078282442438073
PMI_003317,144.132542883275,-2.0323659003661,0.449216591816343,-4.5242449575349,6.06114929114334e-06,0.000793116926154545
PMI_017128,47.6528909663763,-2.57333914947881,0.569527859174649,-4.51837273282479,6.23167121284194e-06,0.000810236334189443
PMI_018226,44.7419149046426,-2.89358730195005,0.642148470649589,-4.50610323656604,6.60289720751225e-06,0.00085306924491739
PMI_002722,80.7176304730777,-2.38644280028815,0.530104430751123,-4.5018352268943,6.73692028731065e-06,0.000864910401414291
PMI_005033,1417.06815823811,-1.79580235413432,0.399177105069237,-4.49876090419273,6.83506765147625e-06,0.000872026474809905
PMI_001706,152.243860270644,-2.58371733714153,0.574503236466801,-4.49730684378979,6.88196337341621e-06,0.000872556014543758
PMI_012322,39.3328339426456,-3.02628047232294,0.673662038405247,-4.49228292496194,7.04637268917548e-06,0.000887886454963821
PMI_012970,241.617234138779,-1.92095095982028,0.428234081542429,-4.48574983313177,7.26579528897339e-06,0.00090991827750806
PMI_021655,20120.8916795696,2.04371274031532,0.456350294663032,4.47838593338565,7.52095399538505e-06,0.00093612947504753
PMI_005659,590.10323139935,-1.89326632315974,0.422986514890371,-4.47594960243692,7.60724294145259e-06,0.00093711919565624
PMI_016562,235.02840034792,-2.05007517934432,0.458058867074844,-4.47557143132294,7.62072142648978e-06,0.00093711919565624
PMI_017525,43.5890549141521,-2.67468719427232,0.598459609067074,-4.46928607001872,7.84811091304818e-06,0.000959302323760793
PMI_004878,70.1514758476101,2.2099509429508,0.495012952482301,4.46443054039038,8.02819870211166e-06,0.000975473929203603
PMI_006998,101.97778966323,-2.40421705940046,0.538763652008641,-4.46247078925418,8.10199760080165e-06,0.000978615840385586
PMI_018705,280.768319052949,-2.59596952454126,0.58409708760591,-4.44441442976816,8.8131576016477e-06,0.00105825285954373
PMI_003907,128.698637273109,-2.06242464303607,0.464365219753017,-4.44138483095917,8.93817813787846e-06,0.00106698848145329
PMI_002498,188.950837933275,-2.82266303052978,0.636793787043069,-4.43261710142733,9.3096110105428e-06,0.00110486679975704
PMI_003552,592.990856145454,-2.06832178960216,0.466759048480393,-4.43124090756443,9.36923422152657e-06,0.00110551548071689
PMI_000110,96.3812912616491,-2.42611520993499,0.547964500530274,-4.4275043503497,9.53296504360211e-06,0.00111837020364971
PMI_004097,44.6990688251228,-3.06442924479778,0.692981931208053,-4.42209112069582,9.77502132874246e-06,0.00114021434504926
PMI_008330,63.7720258841196,-2.29554167002546,0.519481995254018,-4.41890516129048,9.92021646563424e-06,0.00115057601541473
PMI_009999,286.658447334938,1.85137824634704,0.420124540447294,4.4067367366256,1.0493960442587e-05,0.00121024414979959
PMI_019516,404.925676390822,-2.01477719758721,0.45790940818214,-4.39994715458174,1.08277243125692e-05,0.00124172099096897
PMI_009240,1195.51792236434,1.80872362913391,0.411359908559015,4.39693706533005,1.09789161329464e-05,0.00125202578224488
PMI_006106,641.047506348246,2.19031082647589,0.500991706469671,4.37195027021566,1.2314157778362e-05,0.00139649390405391
PMI_007229,82.331639776965,-2.60793480087097,0.597267759249959,-4.36644161765233,1.26287022684042e-05,0.00141825320765138
PMI_026973,65.147381850824,-2.38736340610283,0.546787884614218,-4.36616002892459,1.26449852443321e-05,0.00141825320765138
PMI_001306,14057.3635456303,-1.75978990041169,0.403392216746311,-4.36247856888721,1.28597186635611e-05,0.00143445594032389
PMI_009175,1478.67615684358,-1.7412219461866,0.39991451084576,-4.35398541179258,1.33684606769411e-05,0.00148309993368695
PMI_020966,352.044463316816,-1.83937884919041,0.423085430978383,-4.34753530731807,1.37675913083025e-05,0.00151912346689935
PMI_012307,73.4575086530748,-2.26535746247465,0.521306749959743,-4.34553640951242,1.38935723120057e-05,0.00152478221292996
PMI_029013,37.5532302551327,2.50930851311675,0.578014726956599,4.34125359803361,1.41672093258507e-05,0.00154649863084808
PMI_006699,76.7239055292322,-2.21612199414163,0.511306745772531,-4.33423187248057,1.46269942297589e-05,0.00158819592134079
PMI_024151,233.662413609764,1.89602613451373,0.437821240391284,4.33059422338495,1.48707496176832e-05,0.0016061196399247
PMI_015084,25.1529110790995,-3.09329044050232,0.716016676499819,-4.3201374242058,1.55932063531232e-05,0.00167528484887528
PMI_006752,26.2770001384491,-3.1462596606032,0.72879035553651,-4.31709837637331,1.58093709125152e-05,0.00168081608561027
PMI_013090,27.0905041563921,-3.12784318073036,0.724509651083018,-4.31718635639259,1.58030730231164e-05,0.00168081608561027
PMI_005471,31.0369721400333,-3.19747435310299,0.742899821489841,-4.30404512238358,1.67707483285744e-05,0.00177378904472119
PMI_013817,151.118698785745,-2.09652619732745,0.488144989088528,-4.29488419258819,1.74784551089715e-05,0.0018391118770074
PMI_000133,361.554041283143,-2.05124726284321,0.477911629065093,-4.29210577456742,1.76986596693939e-05,0.00185273199913507
PMI_007048,59.1041590754817,2.44812015773195,0.570779376120165,4.28908306808996,1.79412267282295e-05,0.00186854214899668
PMI_027203,192.402065753864,1.93752156530881,0.452049896663296,4.28607899174448,1.81854347342747e-05,0.00188436182350634
PMI_010655,19.0135517978909,-3.68264332875625,0.860908355182057,-4.2776252624212,1.88897666288957e-05,0.00194745861714973
PMI_023968,65.1051913301231,2.36765188531939,0.554191383941968,4.2722639758097,1.93498317891262e-05,0.0019848649060876
PMI_021426,561.841961803983,-1.73870968832787,0.407164568227349,-4.2702873088825,1.95221316372915e-05,0.00199252636556016
PMI_022570,37.1026590270932,-2.70058292663169,0.633560579050152,-4.26254886419933,2.02108284982685e-05,0.00205255543350823
PMI_029440,142.391494047097,2.19529918549064,0.516069932696089,4.25387926404044,2.10098613195606e-05,0.0021231400946346
PMI_018386,44.100663756817,-2.44858983724342,0.575776336339398,-4.25267535795371,2.11231690774843e-05,0.00212407512501817
PMI_008399,72.4317266831845,-2.20444328295401,0.521346979154185,-4.22836109366245,2.35399778099963e-05,0.00234400764407539
PMI_023033,98.1764065119881,-2.06615580845129,0.488565677810192,-4.2290236549404,2.34707669570029e-05,0.00234400764407539
PMI_010928,1163.6510730921,2.21146526356602,0.523532691659219,4.2241206686774,2.39875506706717e-05,0.00235412438384818
PMI_014959,378.345557458623,-1.88657460238014,0.446549564299046,-4.22478209186368,2.39172090717888e-05,0.00235412438384818
PMI_017808,76.3505621144976,-2.12891448366688,0.503731038448428,-4.22629205106018,2.37573613435338e-05,0.00235412438384818
PMI_002501,23.8965059525974,-3.69944199358881,0.87657322014171,-4.22034566945901,2.43928001620644e-05,0.00238244129046995
PMI_008953,206.603807201719,-2.32705316964046,0.552556029469891,-4.21143385562723,2.53754857900437e-05,0.00246661805443886
PMI_007700,287.414798893919,1.79877751846286,0.427242020906066,4.21020740106072,2.55136361438944e-05,0.00246829314978823
PMI_001131,13.169020657356,4.29917951857513,1.02250505890751,4.2045557438792,2.61595462853109e-05,0.00249966555646265
PMI_005282,219.067581930421,1.88311025236966,0.447904649973444,4.20426591347356,2.61930858145443e-05,0.00249966555646265
PMI_011682,418.742202560141,2.02837399656341,0.482468246855324,4.20416060493957,2.62052823731449e-05,0.00249966555646265
PMI_001753,32.2388923532409,-2.96071820444668,0.704596733306118,-4.2020038761099,2.64562602808464e-05,0.00251186809819962
PMI_000360,201.021602823838,-2.37954017429906,0.566664080246706,-4.19920770920064,2.67850536951548e-05,0.00252736035586572
PMI_003026,48.7223706656073,-2.47799808371451,0.590208164340429,-4.19851542799942,2.68670551718445e-05,0.00252736035586572
PMI_018319,76.0058454320054,-2.10462796001087,0.501420478497526,-4.197331481788,2.70078484377893e-05,0.00252895050532382
PMI_007365,1124.58718295432,1.77242566434473,0.422546280430078,4.19463085212989,2.73316336036733e-05,0.00254758281621818
PMI_011632,305.365400372548,1.79886548355749,0.429662296492075,4.18669615240645,2.83044329777522e-05,0.00261018367767105
PMI_021733,100.045704689679,2.10411835298856,0.502511887427837,4.18720115012348,2.82415516976131e-05,0.00261018367767105
PMI_027331,207.324250128456,1.85049807514323,0.442064552496236,4.18603587348022,2.83868503621698e-05,0.00261018367767105
PMI_008877,78.6931125968934,2.00600384473153,0.480655054954838,4.17347913863094,2.99983140453668e-05,0.00274598916864606
PMI_027769,77.3831048206543,2.01921354088799,0.484007685077937,4.1718625615683,3.02119857977865e-05,0.00275320208075989
PMI_023497,986.927681317744,1.72374213229004,0.413366032452298,4.1700139754201,3.04580960518765e-05,0.00276329384314202
PMI_011495,130.100849552343,2.03128477979665,0.487272267666475,4.16868538307008,3.06361527511274e-05,0.00276714949605648
PMI_006279,1429.51702164196,2.03782726693641,0.489888378929601,4.15977874671987,3.1855603130576e-05,0.00286461861984339
PMI_003577,200.882769634366,-1.84991749246769,0.444842426159339,-4.15859051133999,3.20217348738062e-05,0.00286692839464476
PMI_012315,30.8972692024716,-2.74818890883912,0.66106852374706,-4.15719219735628,3.22182928611078e-05,0.00287193018416504
PMI_007790,3479.72434462901,-1.73373718628368,0.417520320966312,-4.15246180658011,3.28917662445356e-05,0.00291921575804219
PMI_021734,66.7950759738786,2.16098043673344,0.520686553972659,4.15025204750518,3.32109362311009e-05,0.00293478286270763
PMI_010721,1177.78411755666,1.90046445887492,0.458571269229489,4.14431645939827,3.40828807189628e-05,0.00299885277636288
PMI_007523,455.692753545028,1.84442246123786,0.445773380315541,4.13757873996936,3.50990017447141e-05,0.00307500395972038
PMI_027204,37.5047733210591,2.42967146237876,0.588173108650903,4.13087818304327,3.61380053580531e-05,0.00315250044176897
PMI_006329,272.965779774186,1.73518032091038,0.420354392378569,4.12789863118091,3.66093425489088e-05,0.00316655300614778
PMI_024527,45.1102020797949,-2.43542148484717,0.589891196401874,-4.12859439113919,3.64987603269053e-05,0.00316655300614778
PMI_007103,110.485494365612,-2.37264782501816,0.578426179949496,-4.10190255431613,4.09766850052388e-05,0.00348523779588308
PMI_018112,376.622611214605,2.0744181681382,0.505611520804624,4.10279054725058,4.08196757708613e-05,0.00348523779588308
PMI_018235,67.6669662243647,-2.52350136567228,0.615119475603671,-4.10245727172879,4.08785363786572e-05,0.00348523779588308
PMI_026282,1836.33187835308,1.65349026405253,0.402818867506327,4.10479845268557,4.04667529751337e-05,0.00348523779588308
PMI_006036,766.995257830562,1.78395323467896,0.43561126321721,4.09528720975569,4.216453460603e-05,0.00357138856810328
PMI_029489,33.198614453771,-2.77729857849684,0.678798038639343,-4.09149470152264,4.28601740549733e-05,0.00361530881398417
PMI_017785,94.584581699593,-2.16436669816207,0.531072582120461,-4.07546307421899,4.59228693442308e-05,0.0038577100079168
PMI_021528,335.951634338741,-1.69343284055833,0.417142910128239,-4.05959875966184,4.91571135461176e-05,0.00411247606072499
PMI_002739,83.1398530422718,2.21878098285135,0.54678955443689,4.05783352086226,4.95300540273373e-05,0.00412296413670882
PMI_006405,81.0344221264483,2.09406081734606,0.516147575247518,4.05709707411074,4.96864340190256e-05,0.00412296413670882
PMI_000109,43.1904625342276,-2.5928226762207,0.640062093692255,-4.05089240836585,5.1022665804849e-05,0.00421670314605013
PMI_000692,1737.34538700965,1.63127008508814,0.403087099722169,4.04694192945521,5.18911078986552e-05,0.00427118219973891
PMI_007939,77.8981190111546,-2.4894519812259,0.617272619507502,-4.03298624068591,5.50725054223599e-05,0.00451483957103066
PMI_010744,3089.72360340905,1.98935942971636,0.493399152101327,4.03194740251158,5.53165689392429e-05,0.00451670848702706
PMI_024881,1734.04806721781,-1.64577884849524,0.408371816877374,-4.03009899429331,5.57533675348749e-05,0.00453423701788606
PMI_000693,231.719421766741,1.90211352485168,0.472146715488591,4.02864927882283,5.60982348962274e-05,0.00454417963863766
PMI_013722,51.8519333477039,-2.35345652586779,0.58460915321085,-4.02569223034209,5.68079504367182e-05,0.00458348099709379
PMI_004452,151.496880465451,-2.06843579549848,0.514900480072059,-4.01715647110876,5.89046141799392e-05,0.00473393657187047
PMI_024279,16.0529009801682,-3.6364723540549,0.906155392106144,-4.01307809425796,5.99320745401005e-05,0.00479762132387087
PMI_002654,103.713431906625,-2.33276954022791,0.581637685616008,-4.01069187557421,6.05410769305661e-05,0.00481743560172851
PMI_018448,159.089356654401,1.82175283075963,0.45427285151449,4.01026128831193,6.06515921052382e-05,0.00481743560172851
PMI_009888,173.07040274507,2.02587702285136,0.505519713902522,4.00751339094563,6.13613835032728e-05,0.00485492217617173
PMI_011323,35.8653300734439,-2.73649044980809,0.684029066717654,-4.00054702783212,6.31962260293435e-05,0.00498078981442853
PMI_010325,25.3584181618169,-3.25944212479299,0.815215747506473,-3.99825706846654,6.38106272591494e-05,0.00499067561011884
PMI_026825,15.2187757000939,-4.10529721758665,1.02670328660791,-3.99852349859521,6.3738853885351e-05,0.00499067561011884
PMI_008331,168.839042373817,-1.90155954128435,0.476392446587881,-3.99158205572759,6.56339703095033e-05,0.00507580595362154
PMI_021471,142.215782957842,2.0771810004236,0.520395630729278,3.99154196877606,6.56450679349476e-05,0.00507580595362154
PMI_026711,43.564828650384,-2.71201964060213,0.679393946302151,-3.99182191034125,6.55676063211819e-05,0.00507580595362154
PMI_014503,51.0138574984973,-2.22064549588963,0.557211731058841,-3.98528130710718,6.7400228693449e-05,0.00519185233328066
PMI_001707,515.6422066203,-1.62444559895149,0.408305853653125,-3.97850186182129,6.93508683777451e-05,0.00532036518825487
PMI_006164,99.3387776873768,-2.37395446435137,0.597002849958085,-3.9764541568236,6.99504761868456e-05,0.00532036518825487
PMI_018180,52.9687587268883,-2.2423155758453,0.563887598276289,-3.97652933439161,6.99283762772658e-05,0.00532036518825487
PMI_025694,1122.62190885917,1.65625164262814,0.416571883920023,3.9759083763467,7.01111172116083e-05,0.00532036518825487
PMI_024489,128.330623724141,1.7766526868087,0.447347942021549,3.97152310297902,7.141457341307e-05,0.00539920624844814
PMI_006078,46.3174473363248,-2.31000359448104,0.582105485903942,-3.96835908683093,7.23692297005812e-05,0.00541331942098672
PMI_009181,136.07597214892,-1.91912572606472,0.483617942888988,-3.96826824621196,7.23968158491831e-05,0.00541331942098672
PMI_013179,3461.49308572717,1.59042605372482,0.400696358638265,3.96915524545758,7.21278802128173e-05,0.00541331942098672
PMI_005418,64.6289012689704,-2.4359331566853,0.614125893439525,-3.96650455990775,7.29343809066678e-05,0.00543361137754675
PMI_002759,82.2017037385892,-2.13331277775113,0.538420454685364,-3.96216889456358,7.42719685020349e-05,0.00551314070193468
PMI_000699,156.569455543156,1.96476530639233,0.496012076254969,3.96112393316481,7.45977994444818e-05,0.00551726405818916
PMI_001757,390.569739479331,-1.99529565052502,0.503983917778239,-3.95904627139905,7.52496582273307e-05,0.0055453836584639
PMI_013014,55.8510089851696,-2.13738261069485,0.539998032877594,-3.95813036448476,7.55387281024188e-05,0.0055466620746571
PMI_019832,94.6202785530881,-2.20378855851199,0.5576720808092,-3.95176418965464,7.7577165352602e-05,0.00567592357112066
PMI_002956,47.1645135606745,-2.27640347374341,0.576470447334186,-3.94886413392109,7.85229011916984e-05,0.00572135157758918
PMI_022246,269.995508669001,2.02080718372174,0.511836937444204,3.94814644252209,7.87586240779189e-05,0.00572135157758918
PMI_015902,2475.77547989901,1.60156260427404,0.40615992482745,3.94318224515734,8.04075052059098e-05,0.00582041987151857
PMI_009048,1599.71619154306,2.04524202298234,0.519363965958951,3.9379744399595,8.21723451564709e-05,0.0059062819777431
PMI_014561,437.982398251691,1.72267230589969,0.437377367595752,3.93864071058172,8.19445317631077e-05,0.0059062819777431
PMI_007405,19.3299344236386,-3.45104740744132,0.876997889106277,-3.93506922913826,8.31727181329069e-05,0.00595720945700712
PMI_021004,403.31667987296,-1.67253641996029,0.42544513833591,-3.93126226921353,8.45010278035508e-05,0.0059893037519232
PMI_023687,18.0658934351293,-3.28295118794096,0.834932184422037,-3.93199741151853,8.42429730607576e-05,0.0059893037519232
PMI_028731,221.323946561237,-1.73543208853065,0.441258970285395,-3.93291061575068,8.39234508804545e-05,0.0059893037519232
PMI_002776,144.312270605022,1.93821560289255,0.493509154207174,3.92741570519864,8.58634997756241e-05,0.00606481529730039
PMI_018806,786.800788063276,-1.63152996422588,0.415774512543857,-3.92407402330556,8.70639642011723e-05,0.0061284024180639
PMI_015513,73.8052774909639,-2.32258684494511,0.592365174729912,-3.92087000388584,8.82298519596239e-05,0.0061891270379787
PMI_014494,208.777222643839,1.68068806995302,0.429184239672274,3.91600602863794,9.00279975175062e-05,0.00629363531960566
PMI_018364,482.523818380134,1.64297217342928,0.420230333454945,3.90969438098745,9.24129663992094e-05,0.00643831359422206
PMI_002903,215.34387153202,-1.78004230051837,0.455685091952789,-3.90629917886976,9.37204634465376e-05,0.0065071966678033
PMI_003226,263.880271053572,2.09884034914115,0.538766289012121,3.89564156471181,9.79391374977933e-05,0.00677705631777104
PMI_029081,39.1744971789019,-2.37353905270731,0.609871243597827,-3.89186910782191,9.94749099772948e-05,0.0068600720856977
PMI_013721,47.4804960920329,-2.15486850410879,0.553901920883525,-3.89034307855726,0.000100102593674823,0.00688011530196684
PMI_001813,164.648564420165,1.80849116577142,0.465126032887407,3.88817446863741,0.000101001017067972,0.00689543064016222
PMI_006956,757.225180675869,1.65488960017229,0.425581293817524,3.88853933246854,0.000100849328650762,0.00689543064016222
PMI_003063,35.9223475449782,-2.63262407315301,0.677665217101257,-3.88484462049591,0.000102395353913294,0.00692117999811944
PMI_018310,447.816868529963,2.08556578588162,0.536700333578233,3.88590365125535,0.000101949938264649,0.00692117999811944
PMI_019244,106.001960413533,-2.01798811986254,0.519431111737035,-3.88499663240071,0.000102331306820233,0.00692117999811944
PMI_001537,795.888758833024,-1.97181302892188,0.508377314342094,-3.87864087026318,0.000105041692714728,0.0070766207042434
PMI_004579,571.458109689732,-1.63120092045818,0.423467833471746,-3.85200667329321,0.000117153829508767,0.00786664842685023
PMI_008426,181.19999536641,1.71823667653578,0.446565498219628,3.84767001343826,0.000119246522093519,0.00798091559178692
PMI_022122,82.2209407917715,-2.19879514454606,0.571780689369883,-3.84552186777974,0.000120296134961895,0.00802485295090574
PMI_003441,70.3860004465827,-2.26025419285556,0.587889215951635,-3.84469408780839,0.000120702919649935,0.00802576123392223
PMI_013282,95.6420242089618,-1.83071109180767,0.47656898140685,-3.84143988222512,0.000122314694981121,0.0081065255475637
PMI_017635,62.67075380087,-2.04609349997939,0.533219570777941,-3.83724381495271,0.000124422925153086,0.0082195636606794
PMI_010565,527.599229691591,1.62895890099348,0.424607210894245,3.83639010171967,0.000124856028987604,0.00822156812814181
PMI_008290,133.352684168384,-1.74090006926719,0.454488075440714,-3.83046368725748,0.000127902008342888,0.00839506011673113
PMI_000130,273.750007348851,-1.66794622636623,0.436542604635706,-3.82080971857977,0.000133014249433066,0.00864719704992731
PMI_001065,149.834688571723,-2.08841270328941,0.546574983026898,-3.82090795982631,0.000132961269726233,0.00864719704992731
PMI_025194,56.0801680808425,-2.05779389517642,0.538368581952378,-3.82227708703559,0.000132224990799388,0.00864719704992731
PMI_001895,136.63965433466,1.97171739590778,0.516408100865084,3.81813800481591,0.000134462704914226,0.00871361014417171
PMI_000862,989.736734406566,-1.90120826309543,0.498244747572181,-3.81581195257859,0.000135735850278306,0.00876827820168057
PMI_001512,112.821311536023,-1.77271255734889,0.465086420317227,-3.81157668748909,0.000138083202049762,0.00889177414334951
PMI_013654,267.629351011829,1.67889136745741,0.440767414940226,3.80901879437954,0.000139519353727115,0.00895072778916111
PMI_016857,109.756148178449,1.78153292204477,0.467981163849318,3.80684749657658,0.000140749476786647,0.00895072778916111
PMI_018669,93.3060917141357,-1.9848020513134,0.521234030912127,-3.80789037860808,0.00014015737487502,0.00895072778916111
PMI_025390,257.168956427764,2.24529151473418,0.589804239661549,3.80684193796676,0.000140752639020267,0.00895072778916111
PMI_004263,446.198627079726,1.64957759627258,0.433440598758703,3.80577546495802,0.000141360583662861,0.00896147078978256
PMI_017091,360.097844651887,-1.75835062324845,0.462356198803662,-3.80302162661202,0.000142941871713476,0.00903366076559498
PMI_007078,99.7912901343125,-1.78460498614724,0.469723907678795,-3.79926368867641,0.000145126617492501,0.00913614620330801
PMI_010944,141.198705330702,1.78782327855165,0.470735543814455,3.79793559684191,0.000145906219677579,0.00913614620330801
PMI_018283,147.628303431272,1.6732587953216,0.440486560994946,3.7986602622839,0.000145480346869841,0.00913614620330801
PMI_020383,71.406718149318,2.14334340981351,0.565081741705062,3.79297940745041,0.000148850504665167,0.00929200413373107
PMI_002049,119.261041264807,1.8137102046192,0.478366610881807,3.79146487936494,0.000149761328941256,0.00932035977950568
PMI_005893,453.273010938338,-1.55321793072964,0.409843912141682,-3.78977919328638,0.000150781255320263,0.00935531235517483
PMI_008947,14.2906630379344,-3.92968492551525,1.03796073400074,-3.78596684517012,0.00015311208970268,0.00945542105375442
PMI_011056,23.660052928075,-2.83160323922604,0.747987794715579,-3.78562759878021,0.000153321136961383,0.00945542105375442
PMI_010857,48.7027242225246,-2.41831214610657,0.639514042704189,-3.78148404041406,0.000155896218139702,0.00958526958098116
PMI_003129,337.373994035658,-2.36412711774133,0.625740082317056,-3.77812958534986,0.00015801065753659,0.00968610075764088
PMI_016991,12.7341003409729,-4.13078857936933,1.09387742804424,-3.77628102881217,0.000159187377568415,0.00972901777935349
PMI_026602,141.371846504572,-1.71030983947657,0.453152040216236,-3.77425165880404,0.000160488690394578,0.00975016558638252
PMI_026774,219.97939007194,1.65243637533439,0.437741937855735,3.77490990109104,0.000160065506334676,0.00975016558638252
PMI_015721,228.965673992749,-2.05390210239687,0.544581349601174,-3.77152486749878,0.000162252984509159,0.00982810140292423
PMI_016813,207.854752047917,-1.72866944473625,0.458474301286036,-3.77048275091378,0.000162932064387571,0.00984003618444821
PMI_006282,235.023630644908,-1.63842792770261,0.43500406586645,-3.76646577874889,0.000165574766935048,0.00997014075942516
PMI_006158,146.225562999797,1.86293801640609,0.495570327612373,3.75917990365082,0.000170471228035588,0.0102131313094616
PMI_009045,8259.68265421002,1.74337623280626,0.4637903046647,3.75897515595253,0.000170610776295811,0.0102131313094616
PMI_024852,548.544922734849,2.1355372629415,0.569736382910149,3.74829013382193,0.000178044226689246,0.0106269497058701
PMI_003166,59.4720956459559,-1.95740048655983,0.52278479948181,-3.74418018370088,0.000180983743036757,0.0107084670916212
PMI_016621,577.74421513657,1.67498731963932,0.447273100792283,3.74488722141418,0.000180474827593262,0.0107084670916212
PMI_029671,277.184938178428,1.88201959646613,0.502500750231724,3.74530703804572,0.000180173286654424,0.0107084670916212
PMI_003784,98.2773049539412,-1.98011193667591,0.529458242610105,-3.73988310563346,0.000184105852202059,0.0108304114149874
PMI_009849,74.9935709014203,-1.88532050282911,0.504095834706113,-3.74000412823933,0.00018401723268122,0.0108304114149874
PMI_003373,287.025197720835,-1.57011996338637,0.420175613650591,-3.73681839777605,0.000186363420098925,0.0108834170142681
PMI_004300,95.864022323299,-1.81431185518596,0.485565740595933,-3.73649066130419,0.000186606376083566,0.0108834170142681
PMI_027891,108.389747242434,1.84482646492563,0.493705575904336,3.73669359829774,0.000186455900756562,0.0108834170142681
PMI_023728,80.4648232379394,-1.92424244915606,0.515355887197767,-3.73381287952112,0.000188602639578631,0.0109685062157225
PMI_000018,104.844930275531,-2.01784864237306,0.54164675986226,-3.7253959441873,0.000195008884523777,0.0112768168832404
PMI_004144,37.4484818236903,-2.413551576022,0.647813446445443,-3.72568922313233,0.000194782269105504,0.0112768168832404
PMI_024451,98.3353435093711,1.75338019777329,0.471049871682892,3.72228144656762,0.000197430778027146,0.0113846171521699
PMI_013796,77.3994880354911,-2.06974267443285,0.5562758661914,-3.72071268991689,0.000198661349154598,0.0114233073811065
PMI_001539,120.62524926443,-2.41013154216487,0.648577611978766,-3.71602642097332,0.000202380429128803,0.0116044710668715
PMI_013565,41.774755472252,-2.2768329201548,0.613247241112002,-3.71274873740355,0.000205020403091528,0.0117229173341943
PMI_002889,37.6999752560668,-2.59082921799695,0.698026000087672,-3.71165145377326,0.000205911401615056,0.0117409760926484
PMI_016558,80.1226705176326,2.04653342689475,0.551818924922729,3.70870467550805,0.000208322229886187,0.0118453528653669
PMI_008672,343.075937671195,1.76444702889605,0.47609954648322,3.70604643908906,0.000210519715534826,0.0119107903672826
PMI_009106,18.0980712735802,-2.93514901417363,0.792020217557996,-3.70590162865219,0.000210640049115221,0.0119107903672826
PMI_023031,408.936890140212,-1.57499131427551,0.425282532982898,-3.7033999567973,0.00021272909562555,0.0119956879254264
PMI_013982,782.444311056207,1.64230168612703,0.443693955810979,3.70142902470971,0.000214388628271736,0.0120228435959092
PMI_019282,19913.5128734016,1.84350715185561,0.498036972452961,3.701546780304,0.000214289137108439,0.0120228435959092
PMI_003130,86.122768100003,-1.97357840016034,0.534301154867846,-3.69375656814458,0.000220965344783185,0.0123577139261895
PMI_000469,114.362863300849,-1.74149702690955,0.472132343646958,-3.68857810811574,0.000225510798697737,0.0125091085158068
PMI_014543,199.694467101912,-1.63243789068514,0.442548264608039,-3.6887228382445,0.000225382576637297,0.0125091085158068
PMI_017775,86.3157535296717,-2.2736653435945,0.616214319378578,-3.689731432868,0.000224490921704634,0.0125091085158068
PMI_021616,57.743528204727,-2.02990495747585,0.551441743221957,-3.68108686443566,0.000232241860751876,0.0128475693862549
PMI_002782,2288.9702475738,1.50516460700992,0.409393772092459,3.67656938042036,0.00023639158386345,0.0129716704338834
PMI_016262,17.9158649642013,-3.00502892275454,0.817195135001812,-3.67724769035474,0.000235764085984151,0.0129716704338834
PMI_019847,179.383635339075,-1.61444818651398,0.439116510924484,-3.67658274364368,0.000236379206558346,0.0129716704338834
PMI_001153,318.315117200336,1.51915075174581,0.414231437856304,3.66739608081799,0.00024503308366528,0.0134098132355479
PMI_003037,191.003944639259,-2.38902773632309,0.652503170995263,-3.66132739658431,0.000250911875890093,0.0135499050860965
PMI_004318,345.895060390809,-1.57415868038058,0.429892740179195,-3.66174753201091,0.000250500662276755,0.0135499050860965
PMI_016120,320.181136710519,-1.55486366245063,0.424617204094507,-3.66180090551528,0.000250448467461621,0.0135499050860965
PMI_020403,271.449444319567,-1.63584498491847,0.446502684448733,-3.66368454634968,0.000248612943200242,0.0135499050860965
PMI_028309,38.2265000939909,2.24180454491883,0.612080147539779,3.66259966759196,0.000249668562621858,0.0135499050860965
PMI_001160,45.5135541577397,-2.12370614230542,0.580181715572036,-3.66041549622351,0.00025180659087335,0.0135623428482789
PMI_016157,169.314816400528,1.63618772361016,0.447198376192185,3.65875148640299,0.000253446957771636,0.0136147703920853
PMI_005460,145.044553451208,2.08543090273979,0.570138505549729,3.65776189897754,0.00025442723119001,0.0136315566149125
PMI_000678,61.748969796487,-2.57998847479659,0.705608521901042,-3.65640209084439,0.000255780041489702,0.0136324751616952
PMI_003635,351.493768737159,1.60503379082906,0.438943901033524,3.65658068616491,0.000255601981275907,0.0136324751616952
PMI_024066,349.852808559741,-1.5816437182687,0.432874669976396,-3.6538144363008,0.000258373029932011,0.0137130861379959
PMI_026393,11.5597927370179,-4.27429145439562,1.16989985037897,-3.65355329604585,0.000258636073243934,0.0137130861379959
PMI_009323,49.3621668401655,1.91229367819286,0.52366426206367,3.65175517354734,0.000260454128108243,0.0137737049665118
PMI_001966,1263.94756169793,-1.68091585177306,0.460421948829737,-3.65081607435413,0.000261408393800752,0.0137884484306324
PMI_024640,974.562292072423,-1.46927228905351,0.402538311581524,-3.65001851197944,0.000262221410045237,0.0137956846475604
PMI_004477,249.27690182198,-1.58892613826581,0.435697495007359,-3.64685626259792,0.000265468323943149,0.0138948843503885
PMI_009851,50.1897271853882,-2.24916796588898,0.616710534252271,-3.64703996602876,0.000265278675636796,0.0138948843503885
PMI_005981,162.14346275173,-1.71414378049769,0.470156168662034,-3.64590298873624,0.000266454489684369,0.0139108324755167
PMI_009852,50.158052675777,-2.22231524652975,0.609840829201841,-3.64409062187312,0.000268338868833323,0.0139405574245506
PMI_010838,78.8144690616863,-1.94237707548017,0.533028195760332,-3.64404189296118,0.000268389705964257,0.0139405574245506
PMI_002437,17.1837782453418,2.93793880713872,0.807028065297809,3.64044192943224,0.000272170489204245,0.0141010563353458
PMI_019116,400.684782765916,-1.70306929167055,0.468156063324747,-3.63782384783337,0.000274951362929068,0.0142090687885343
PMI_005551,227.945472846437,-2.21218635024443,0.609673711429428,-3.62847586958898,0.000285099391802159,0.014696297689034
PMI_009465,14.9172124987167,3.02944646306007,0.835253021961635,3.6269805476971,0.000286754887662314,0.0147145219990751
PMI_016072,219.034234167583,1.63481742463318,0.450753491674775,3.62685471067348,0.000286894614002443,0.0147145219990751
PMI_023924,295.662043339064,1.58315527802447,0.437056389103131,3.62231354465086,0.00029197990939432,0.0149378092492889
PMI_026915,54.4673531915514,-1.94439805175015,0.537226538708844,-3.61932613460099,0.000295371188210359,0.0150735301623452
PMI_001339,417.631840444252,-1.54874666004658,0.428291370822895,-3.61610521610768,0.000299068856255446,0.0151727115815991
PMI_011633,2922.57088110137,1.69351656259489,0.468291162805251,3.61637523213133,0.000298757216282753,0.0151727115815991
PMI_022886,739.494652918184,-1.62380656853183,0.449099608834533,-3.61569357128991,0.000299544543545018,0.0151727115815991
PMI_007813,190.535103791035,1.57018751564609,0.434489586950227,3.61386685160297,0.000301664020742028,0.0152339717089752
PMI_020290,74.8934594749772,-1.86807301925449,0.516989574912379,-3.61336690313551,0.000302246536135548,0.0152339717089752
PMI_000135,57.8020508646168,-1.88727148626817,0.523031626417808,-3.60833148693877,0.000308172580130719,0.0154885608146736
PMI_002496,96.3485712836885,-1.8874327371602,0.523197208955411,-3.60749771759783,0.000309164256863802,0.0154885608146736
PMI_011158,170.176803376199,1.8209751229121,0.504823226932967,3.60715400116464,0.000309573938783463,0.0154885608146736
PMI_010356,200.536057158215,1.62064008276797,0.449497203544136,3.60545086819174,0.000311611444215854,0.0155523824224407
PMI_003192,35.094847595889,-2.66854202372245,0.740914629296072,-3.60168623780283,0.000316159807871623,0.0157280573654191
PMI_017191,459.975389095863,1.86779051203675,0.518648415894455,3.60126524018314,0.000316672295948035,0.0157280573654191
PMI_009179,39.6055077699081,-2.13873873618061,0.594972500615206,-3.59468502152475,0.000324784267433968,0.0160917991532271
PMI_005750,13.9781175751262,2.93045015533291,0.81563533151965,3.59284356879569,0.000327088965073673,0.0161667482906753
PMI_011591,246.88168182373,1.91432066022011,0.533125415702816,3.59075107626687,0.000329726429595797,0.0162577430128961
PMI_027297,65.7427925540504,1.8517452117111,0.515979431105749,3.58879656838799,0.000332207937020284,0.0163406279961327
PMI_000072,28.7558331181872,-2.46359501799455,0.688336617743206,-3.57905558776133,0.000344838120716928,0.0168938412009603
PMI_023188,159.295505570467,1.59416247870175,0.445439926735475,3.57884954405636,0.000345110066173539,0.0168938412009603
PMI_018959,186.108769264542,-1.85917352690326,0.519588496569219,-3.57816529653594,0.000346014605879594,0.0168975984445458
PMI_004527,2951.37441647312,-1.44903832717627,0.405162547990162,-3.57643699883992,0.000348309210562679,0.0169690594635226
PMI_001925,897.546244404856,1.77712809187137,0.497686963560296,3.57077484842753,0.00035592675261793,0.0172988876218805
PMI_018416,399.802793048533,1.48763638284649,0.417270052757975,3.56516450920418,0.000363628033639813,0.0176312091465309
PMI_027722,966.158456942173,1.91340192160053,0.537113924504204,3.56237631218878,0.000367513072949714,0.0177773562988685
PMI_013472,104.682986134882,-1.72109132061463,0.483670247872843,-3.55839816111058,0.000373123406344582,0.0180060711435271
PMI_010123,669.096739159617,1.82991371128636,0.514435843347746,3.55712716162623,0.000374932689500187,0.0180507098838852
PMI_004871,7161.91268626512,1.72797785463032,0.486025298246807,3.55532492004734,0.000377512265095706,0.0181321361585851
PMI_005028,220.79885586428,1.63793005618424,0.461142302230273,3.5518972088714,0.000382464240472337,0.0181987005612164
PMI_015944,1138.80642046578,-2.29595376605843,0.646384680966688,-3.55199285141591,0.000382325247283664,0.0181987005612164
PMI_023403,94.5761460116087,1.65089357975708,0.46469588857749,3.55263220600194,0.000381397312752846,0.0181987005612164
PMI_028467,23.3426414188578,-2.45255599423191,0.690368356824555,-3.55253245602505,0.000381541947292698,0.0181987005612164
PMI_018190,260.799398574008,-1.59112892520553,0.448179672237884,-3.55020324161645,0.000384933849202838,0.0182736154971571
PMI_002497,38.2218127279554,-2.28768397751902,0.6444936488847,-3.54958343108248,0.000385841179549907,0.0182741902509333
PMI_009466,23.1307477018161,2.35136911873225,0.662668100247572,3.5483360642436,0.000387673241045855,0.0183184580311783
PMI_004143,84.0858913122442,-1.77055602240694,0.499258326316921,-3.54637254719117,0.000390573621100491,0.0184128852829661
PMI_000284,35.6162717262184,-2.15433612965997,0.608022350807036,-3.54318575098512,0.000395324146870697,0.0185938981798883
PMI_014193,822.277555733312,1.6297366425212,0.460168070870059,3.54161174077069,0.000397690375330825,0.01862419769167
PMI_027502,15.0983906708895,-3.02460639521112,0.854036183382638,-3.54154361848155,0.000397793082524281,0.01862419769167
PMI_003423,63.7074517914315,-1.83666432998707,0.519201423841328,-3.53747937823138,0.000403965730172579,0.0188583924809045
PMI_029481,34.3639149056649,-2.50801186036106,0.709071416240455,-3.53703703592892,0.000404642919053357,0.0188583924809045
PMI_012906,149.95396957804,1.78479796960823,0.504910374634814,3.53488076155915,0.00040795920475363,0.0189696383750247
PMI_009348,38.9813600533941,-2.0761336052833,0.587594097178286,-3.53327852552162,0.000410439818155277,0.0190416091090993
PMI_000574,144.193093825443,-1.664601390392,0.471276224622469,-3.532114083891,0.000412251462062976,0.0190822881974865
PMI_006046,283.694275343864,1.7742736851255,0.50262653229089,3.53000403110168,0.000415553335402073,0.019148284956123
PMI_013594,714.35974795137,1.55695219561017,0.441057740212045,3.53004165591027,0.000415494243320919,0.019148284956123
PMI_022555,24.2317759895956,-2.49509353566716,0.707038241162285,-3.5289371782289,0.000417232163802145,0.0191823427020117
PMI_002440,273.76903378935,-1.52270968103767,0.431744644316609,-3.526875668482,0.000420494170927033,0.019288870811536
PMI_016158,143.080728717806,1.68956973353674,0.479524731785555,3.5234256369749,0.000426006622162908,0.0194862467279344
PMI_022836,417.528747563376,1.47633478943605,0.419057233756426,3.52299082443272,0.00042670613272849,0.0194862467279344
PMI_011412,23.9814287823849,-2.44970564550732,0.695609177197605,-3.52166953198695,0.000428838366602058,0.0195399053068031
PMI_012055,18.2470843987311,2.58861728831953,0.735678666813769,3.51867928905816,0.000433700653398,0.0197174419550409
PMI_007921,71.2436795503795,1.84925534954549,0.52593124634131,3.51615417872585,0.000437846642831663,0.0198616967113839
PMI_005822,28.5988964254455,-2.53966632217809,0.722448296254011,-3.515360663658,0.00043915713969718,0.0198769727109502
PMI_005871,129.792111664729,1.6126177766347,0.459064305305876,3.51283634557518,0.000443350463750321,0.0199400052203007
PMI_015750,529.809722288884,-2.32118900058098,0.660788082450981,-3.51275857150945,0.000443480251311248,0.0199400052203007
PMI_016546,457.584166957194,-1.4696974582447,0.418352779595981,-3.51305771092052,0.000442981248421499,0.0199400052203007
PMI_004844,94.6068291975142,-1.97598624973244,0.562671428969347,-3.51179418040095,0.000445092553909733,0.0199685149515591
PMI_017304,29.9862846752345,-2.58870047205869,0.737289517381542,-3.5111044047559,0.000446249099008008,0.0199764974957247
PMI_003535,2255.0773726629,1.52260301104393,0.433964330063737,3.50859023556221,0.000450488386499176,0.0201221431807608
PMI_013438,235.112235998595,1.53537109753441,0.437689987781755,3.50789632021464,0.000451665038832986,0.0201306516106938
PMI_000819,106.774530974335,-1.70451516379925,0.487085230516522,-3.49941869925253,0.000466273773030443,0.0207364848123539
PMI_002051,91.4540696144237,1.8252623605185,0.521806181712968,3.49796998289019,0.000468813894138473,0.0207589978764613
PMI_013676,51.1535827360804,1.90548964842276,0.544711748480556,3.49816146565228,0.000468477417128,0.0207589978764613
PMI_005007,77.6733252217364,-2.03847459783558,0.583099794440751,-3.49592748491821,0.000472417064843473,0.020873267412662
PMI_003899,1926.71344707851,-1.58797114795123,0.454475230364256,-3.49407633652221,0.000475704976310563,0.0209731440203618
PMI_012220,145.87472654225,2.07824020715521,0.595027849494189,3.49267720649016,0.00047820418671586,0.0210378923780837
PMI_004695,624.324751792627,1.48585727928974,0.425826449068958,3.48934943458414,0.000484197743776151,0.0212346678181894
PMI_004870,620.544182111254,1.57909755265218,0.452587898565713,3.48904059886812,0.000484757517428907,0.0212346678181894
PMI_010027,159.831302782586,-1.73196616693484,0.496636901550293,-3.48738920029575,0.000487760981013729,0.0213204815962168
PMI_003579,360.220885394802,1.67298508597519,0.479900693694332,3.4861068299284,0.00049010523927475,0.0213771757464006
PMI_003372,20.521008125337,-2.81895107300239,0.811179971196427,-3.47512410697796,0.000510617056366543,0.0221770765353409
PMI_004040,11.0416326407693,3.23619383215838,0.931112018039699,3.47562244870564,0.000509669259339677,0.0221770765353409
PMI_022660,51.4428532769315,-2.16848913386698,0.624924346915584,-3.47000264043146,0.00052045324845179,0.0225562890884212
PMI_013413,65.0945537805096,-1.92541381922549,0.555015185645863,-3.46911916830692,0.000522167784146215,0.0225826503766455
PMI_006231,31.2515826323959,-2.15337325290945,0.62093076877521,-3.46797640122906,0.000524393336740131,0.0226309538750027
PMI_011941,54.8377610934551,-1.94742604815874,0.561701105088397,-3.46701480648194,0.000526272899719067,0.0226641533796736
PMI_001476,191.099806535495,-1.5150394675479,0.437501526617168,-3.46293527079192,0.00053431691788047,0.0228191437945595
PMI_001538,133.04875824061,-2.25068287057223,0.650096606015508,-3.46207448207865,0.000536028790814801,0.0228191437945595
PMI_004712,204.552588921904,1.62434893587491,0.468888586014134,3.46425352274612,0.000531705147673249,0.0228191437945595
PMI_007394,17.9841698847443,-2.66257611592008,0.768682497229476,-3.46381779930813,0.000532567100210946,0.0228191437945595
PMI_013375,203.028196344495,1.52978442611303,0.441866152594981,3.46209913823214,0.000535979685469728,0.0228191437945595
PMI_020503,278.878791763981,1.80468024003418,0.521312934977168,3.46179831527338,0.000536579092803046,0.0228191437945595
PMI_019513,295.845693947826,-1.46738099580241,0.424025781557313,-3.46059381203942,0.000538985398637041,0.0228738231650268
PMI_010288,349.997870991032,-1.43317506650202,0.41465263918882,-3.45632688919025,0.000547590809420059,0.0231314224273747
PMI_021078,30.4012542578907,2.26667263123082,0.655884535526088,3.45590192855013,0.000548454830492792,0.0231314224273747
PMI_021949,124.255220002576,1.6546595437913,0.478655643596088,3.45688923953768,0.000546449399596158,0.0231314224273747
PMI_027056,89.559593681303,2.20420071949281,0.638255692049218,3.45347600804919,0.000553411528101209,0.0232923495322267
PMI_008056,220.420175700647,-1.70434072671541,0.493699493252258,-3.45218245108583,0.000556071579920063,0.0233561505368483
PMI_007802,266.092871735896,1.77520624597957,0.514438296723207,3.45076612158741,0.000558997754976345,0.0234308442963699
PMI_006397,126.153704696183,-1.63570496232763,0.474408617667216,-3.44788206076608,0.000565000690891227,0.0235856014379604
PMI_010916,42.0846069975796,1.94627545915586,0.564448777189792,3.44809934542818,0.000564546347943542,0.0235856014379604
PMI_008343,14.4115510993953,-3.38247396058015,0.982094192627703,-3.44414414215194,0.000572870202836426,0.0238258378475319
PMI_013281,21.7865694407035,-2.4073343957579,0.698985522583686,-3.44404042427028,0.000573090010441295,0.0238258378475319
PMI_000388,81.3863658750987,-1.69819955903226,0.493427566997063,-3.44163900158089,0.000578201317922761,0.02386768716653
PMI_002644,312.018311613829,-1.6557120511677,0.481066609868961,-3.44175217568873,0.000577959482583093,0.02386768716653
PMI_005351,174.777424275064,1.69773584391301,0.493331193336453,3.44137136845339,0.000578773582885042,0.02386768716653
PMI_028852,137.407262611843,1.84218355580316,0.535294460850308,3.44143960106906,0.00057862763483171,0.02386768716653
PMI_002299,223.814828735655,-1.6222829425233,0.471633450539956,-3.43971137048488,0.000582334859540645,0.0239179104382358
PMI_019119,64.3224931634205,1.9288391537432,0.560743502985515,3.43978867962563,0.000582168552452056,0.0239179104382358
PMI_001536,71.0803858149899,-1.76506618734448,0.513464468592222,-3.43756247084399,0.000586975303251973,0.0240391780705547
PMI_007435,9.04664583695345,4.49610169659086,1.30825657663875,3.43671247435461,0.000588820312314573,0.0240391780705547
PMI_015248,612.983081391791,-1.56533942893631,0.45542871427844,-3.43706793151232,0.000588048098418615,0.0240391780705547
PMI_014343,157.815888222974,-1.81822682928564,0.529422252085649,-3.4343604223713,0.000593953871433528,0.0242003600350751
PMI_026512,11.8610506447319,-3.55364571759339,1.03553355262263,-3.43170504576436,0.000599799515099359,0.024389855581122
PMI_012332,46.4711530535644,-2.4933102036473,0.7267924611144,-3.43056695968513,0.000602321295970364,0.0244437069873619
PMI_005260,63.148886813165,-1.85621932751612,0.54119919850239,-3.42982645327758,0.000603967411779071,0.0244618785250916
PMI_027383,555.615665088648,1.70571354128027,0.497457882074852,3.42886021659943,0.000606121613069865,0.0245005158170201
PMI_011055,42.4732600942455,-1.96822593708655,0.574424662726146,-3.4264300696032,0.000611571215762229,0.024671943137064
PMI_000134,39.8365098010961,-1.94620484170113,0.568521470209108,-3.42327413067672,0.000618716470593481,0.024699019374999
PMI_008687,25.5057616082895,-2.33178150914194,0.681003408072948,-3.42403794386321,0.00061698005702912,0.024699019374999
PMI_013035,2487.40520130617,1.45458459589404,0.42472246246942,3.42478847819068,0.000615278248768147,0.024699019374999
PMI_015516,145.292761606929,1.50740669381964,0.440453264060366,3.42239873516535,0.000620712141251874,0.024699019374999
PMI_020682,25.9496279788431,-2.33672874224885,0.682643063133026,-3.42306084753035,0.000619202149017549,0.024699019374999
PMI_026272,10.7236687677724,3.68794295498713,1.07746720463019,3.42278905486773,0.000619821576635261,0.024699019374999
PMI_027406,21.5264869949299,-2.57341560054277,0.751248400481268,-3.42551890811904,0.0006136262213386,0.024699019374999
PMI_008586,119.500962791653,-1.94568838261683,0.569120387040991,-3.41876416118738,0.000629062236939164,0.0249825825732279
PMI_009376,42.9644547679517,-1.89924937967344,0.556091742347454,-3.41535260289257,0.000636994943432892,0.0251995693416582
PMI_023748,12.3211641853937,-3.56738965761041,1.04448746235898,-3.41544516920618,0.000636778481555442,0.0251995693416582
PMI_015441,32.0047643421192,-2.83311088787246,0.829665501714986,-3.41476279538704,0.000638375788224257,0.0252053480948196
PMI_017074,205.337195550226,1.65573767951391,0.48526468289532,3.41203004849846,0.000644810049030169,0.025339144584468
PMI_022472,2953.65713378164,1.7694525775496,0.518552254075303,3.41229367656483,0.000644186717243799,0.025339144584468
PMI_022684,295.07207938146,1.45412421178276,0.426211481020701,3.41174341033796,0.000645488423255933,0.025339144584468
PMI_014156,94.8941865498009,1.58437159899573,0.464797737304527,3.40873345938361,0.000652652137760907,0.0255711863495459
PMI_005982,82.0489583219236,-1.67416175930744,0.491320118786543,-3.40747650115014,0.000655665539386338,0.0255910146376545
PMI_014809,400.561848758881,1.41439234947977,0.415023525677901,3.40798114316412,0.000654454171516598,0.0255910146376545
PMI_000365,917.978945815158,-1.57489444427996,0.46234375480273,-3.4063279279114,0.000658430409530797,0.0256498854002904
PMI_001606,79.9074130677489,-1.68480115360936,0.494982324119315,-3.40376023852367,0.000664650662995955,0.0258428837785456
PMI_007755,424.647529270018,1.41330166115394,0.415393006878017,3.40232415508373,0.000668153370750978,0.0259296858500755
PMI_009649,82.3666428021781,-1.96072976967796,0.576616214059215,-3.40040692902994,0.000672856373311741,0.0260626511355077
PMI_012977,100.11354766441,-1.70709700486582,0.502590125504409,-3.39659877549831,0.000682289276503938,0.0263281115336009
PMI_015842,194.233885747591,-1.62025853673314,0.476988710913261,-3.39684881353047,0.000681666174197806,0.0263281115336009
PMI_009664,10.5621841847649,-3.80288898227503,1.12020276315142,-3.39482199773951,0.000686732331813702,0.0264495605458738
PMI_018030,241.609848261843,1.83850931587453,0.541809322397876,3.39327737614014,0.000690616688162993,0.0265110210972982
PMI_020517,13.4254904098666,-3.54942757453806,1.04605527155387,-3.39315490400955,0.000690925548609349,0.0265110210972982
PMI_024203,9.77355652170114,-3.89991798209534,1.15024573693335,-3.39050852950158,0.000697630836062555,0.0267180830329173
PMI_020498,34.7522791003175,-2.01171630485093,0.593508988606204,-3.38952963387335,0.000700126411666117,0.0267634465193641
PMI_009105,100.735539253893,1.7574538696054,0.518640942496604,3.38857526585825,0.000702567441829835,0.0268065592337802
PMI_014560,557.349745544286,1.53765515258105,0.454112399985093,3.38606730983679,0.000709019905389211,0.0270022823296828
PMI_005827,163.258889180099,-1.60752155256015,0.475168729171091,-3.38305417396551,0.00071684490375669,0.0272076425772922
PMI_010209,171.875930540029,1.74100951178249,0.514717734325745,3.38245487900884,0.000718410784752879,0.0272076425772922
PMI_016327,155.289270781491,-1.54762294929639,0.457534793348558,-3.3825251582941,0.000718226989632921,0.0272076425772922
PMI_007694,113.224837968674,-1.75410781973094,0.519078271444353,-3.37927421783632,0.000726774768736295,0.0273726560026441
PMI_014132,48.8971062924614,-2.52436535003498,0.747127435127129,-3.37876141518675,0.000728131691051572,0.0273726560026441
PMI_017073,142.97038908646,-1.52316068305674,0.450794993977182,-3.37883229274245,0.000727944002554335,0.0273726560026441
PMI_029320,191.047124088619,1.47153061053773,0.435361338162619,3.38002133296474,0.00072480203820182,0.0273726560026441
PMI_001136,922.427485798495,1.36180377341619,0.40314891201577,3.37791752086613,0.000730369836168321,0.0274063225472499
PMI_003861,110.744139045275,1.57488681785057,0.466713488126715,3.37441890563697,0.000739717071087669,0.0276214113530951
PMI_005091,300.02015929011,1.76640507441017,0.523495044524212,3.3742536684671,0.000740161270275953,0.0276214113530951
PMI_020154,41.2907366898576,-2.01135373979093,0.595961790458964,-3.3749709662459,0.000738234787796889,0.0276214113530951
PMI_026045,424.304661155422,1.86216655772127,0.552036730049041,3.37326568388998,0.00074282239531593,0.0276701342255184
PMI_011443,416.481509018383,1.71351203887411,0.508589698627776,3.36914421093728,0.0007540196706608,0.0278519607868432
PMI_013388,62.6388854559561,-1.87044567806408,0.555199847963543,-3.36895927642059,0.000754525758836245,0.0278519607868432
PMI_020083,134.542723243074,1.51382452950669,0.449265605723272,3.36955357859987,0.000752900524078124,0.0278519607868432
PMI_021345,17.7761584054052,2.85392663871091,0.846999422675522,3.36945523492313,0.000753169239311319,0.0278519607868432
PMI_025848,147.84716413011,-1.64991434097175,0.48951272618477,-3.37052389593847,0.00075025398790766,0.0278519607868432
PMI_016532,32.8972389023894,-2.08499114448072,0.619191797511552,-3.36727836650941,0.000759140188176108,0.0279717123849077
PMI_000840,5013.19629961564,1.57882555252329,0.468957139250559,3.36667345558789,0.000760807189873813,0.0279826255259354
PMI_015515,77.4669021419844,-1.83070234754961,0.544204742808487,-3.36399557655795,0.000768227745105419,0.0282047355410736
PMI_006894,2372.39101304684,1.61939670640612,0.481660065669739,3.36211536273904,0.000773478017200502,0.0282374656937392
PMI_009047,61.6183053135435,1.76946908945568,0.526361955974578,3.36169639422257,0.000774652466001761,0.0282374656937392
PMI_012809,79.8710564114691,1.78701472797809,0.531440664552979,3.36258560394741,0.000772161810183533,0.0282374656937392
PMI_022903,69.1237192223604,1.72329554085179,0.512459392284854,3.36279433413894,0.000771578240131491,0.0282374656937392
PMI_002719,89.0407556023428,-1.74996908540248,0.520784526365868,-3.36025553142697,0.000778704128148084,0.0282841412239979
PMI_011881,82.4336912269476,-1.65093250348886,0.491248996091249,-3.36068371971228,0.000777498026124268,0.0282841412239979
PMI_007814,31.748829114195,-2.05419859632641,0.611926134669236,-3.35693881980831,0.000788105493792678,0.028554219412554
PMI_011706,118.998537184189,-1.54729753841394,0.461063256454891,-3.35593330579211,0.000790976411411946,0.028554219412554
PMI_017499,3163.51237007547,1.66494493329339,0.496231197227073,3.35517988912639,0.000793133905203455,0.028554219412554
PMI_020669,91.1433227866927,-1.88372931549185,0.56135924523487,-3.35565741810078,0.000791765814101794,0.028554219412554
PMI_023178,34.4671679956568,-2.01482600845035,0.600298825397957,-3.35637173221963,0.000789723436216354,0.028554219412554
PMI_005148,274.054355698852,1.46312614762155,0.436192969800591,3.35430932848465,0.000795633655126043,0.0285937848628308
PMI_000228,56.5298468089138,-1.74939433404136,0.521806073939814,-3.35257564334741,0.000800633596746181,0.0287229061693845
PMI_004095,32.5521536073827,1.98515768622192,0.592563724898107,3.35011679387441,0.00080777492873452,0.0289282624916803
PMI_011944,123.241114450728,-1.69127042921023,0.505313444470099,-3.34697294860974,0.000816991825570088,0.0291379724155502
PMI_012316,29.4353278365756,-2.12294112741164,0.634236903252387,-3.34723683930268,0.000816214434644267,0.0291379724155502
PMI_029392,69.4286614812144,1.89305020928961,0.565653486988182,3.34666054896813,0.000817913006128949,0.0291379724155502
PMI_024426,10.8464415554047,3.15482160059958,0.943420675860345,3.34402423152594,0.000825725248662047,0.0293650339737602
PMI_019243,185.618758384066,-1.4692491995189,0.43949160050263,-3.34306548256797,0.000828583449066287,0.0294154329492002
PMI_012448,120.763177306821,-1.52934270858491,0.457849687526998,-3.34027247423802,0.000836962299452742,0.0296613045464042
PMI_000091,2582.50563001681,1.614330742749,0.483417551042954,3.33941276907746,0.000839557137448402,0.0296674238586387
PMI_007836,79.4196624573848,-2.03118962748321,0.608276740129007,-3.33925250380678,0.000840041688644156,0.0296674238586387
PMI_004094,74.7016903266386,-1.64365908703,0.49315075990992,-3.33297486417791,0.000859227046141831,0.0302925763262404
PMI_001270,12955.6414715933,1.35157471082301,0.405732104273066,3.33119981531796,0.000864725077988243,0.0304338500292655
PMI_002814,12.8005783183639,-3.31763834986921,0.996333741711685,-3.32984642693076,0.000868938958376998,0.0304770635006008
PMI_013089,312.256254222349,1.8485308595708,0.555093823604112,3.33012327099707,0.000868075436854878,0.0304770635006008
PMI_005071,9.19492933299867,-5.82660836429418,1.75086559992388,-3.32784444708234,0.000875207202387165,0.0306442617878717
PMI_004948,32.5129723799975,-2.0789193223368,0.625293101566367,-3.32471175058398,0.000885099922860915,0.0307658291638909
PMI_009478,57.2247207187732,1.84220111386118,0.554152000116146,3.32436066904941,0.000886215036906278,0.0307658291638909
PMI_009636,37.5686972854069,-2.10841909487248,0.633935821085815,-3.32591884658158,0.000881275830711803,0.0307658291638909
PMI_013015,60.5157050899147,-1.80917491901237,0.544175113968326,-3.32461899225638,0.000885394417705396,0.0307658291638909
PMI_027362,103.663601130717,1.67966622334449,0.505144732801836,3.3251187516656,0.000883808823793148,0.0307658291638909
PMI_015808,132.441757033777,1.68237409747218,0.506269353024727,3.32308105837489,0.000890290401823811,0.0308548352672826
PMI_020349,413.194357014038,1.35680932718842,0.408428501403623,3.322024105873,0.000893669727996145,0.0309194578942124
PMI_013730,156.376917622899,-1.57342757352016,0.474117812864749,-3.31864260491097,0.000904561216244333,0.0312433301306186
PMI_011266,1292.18426184182,1.37479273335066,0.414807792341205,3.3142885903643,0.00091876627423993,0.0316803647906414
PMI_023512,161.716595474044,1.4427082027384,0.435366198310693,3.3137809235912,0.000920435935626281,0.0316844161111961
PMI_018963,55.6673388398487,1.80503688104094,0.545008385570089,3.31194331836351,0.000926503157572095,0.0318395773661939
PMI_016363,235.899862673989,1.73340703031555,0.523614279688664,3.31046554220449,0.000931409191227793,0.0319543795303075
PMI_005473,935.102757065893,-1.37395421710803,0.41522993340884,-3.30889973617394,0.000936633727718622,0.0320797051743628
PMI_001347,197.731405526411,-1.66722369024481,0.504017501193346,-3.30786864800801,0.000940088913066313,0.0321377611930328
PMI_003154,356.311665748861,1.40892607022233,0.425984923901071,3.30745524353235,0.000941477548299301,0.0321377611930328
PMI_016953,273.53958882375,-1.40960643026874,0.426427899089969,-3.30561493109845,0.0009476822884754,0.0322355509612721
PMI_019997,171.048277931621,1.46449729210439,0.443088593469709,3.30520197018908,0.000949079808343926,0.0322355509612721
PMI_024921,24.8732089068372,-2.20639000419744,0.667483289487165,-3.30553594216963,0.000947949450991141,0.0322355509612721
PMI_016399,58.4997547657199,-1.72750924976574,0.523171944564089,-3.30199137724235,0.00096001021308339,0.0325526386705502
PMI_004675,349.990346905917,-1.84779725599409,0.559849086033702,-3.30052741370887,0.000965032852212818,0.0326686826073304
PMI_007072,194.647669005646,-1.57980169314485,0.478837663032844,-3.29924276035172,0.00096946034177659,0.0327642284051085
PMI_006244,411.787753962076,-1.46820715638705,0.445222366213634,-3.2976940688612,0.000974822831389886,0.0327854011526343
PMI_012235,1142.04186285406,1.57402385285698,0.477202482706337,3.29844020075145,0.000972235859997877,0.0327854011526343
PMI_012905,222.850355342866,-1.60318428558941,0.48615662268301,-3.29767036133691,0.000974905133966053,0.0327854011526343
PMI_024677,298.586913297946,-1.44166223653343,0.437291477429072,-3.29679929965536,0.000977933559888511,0.0328331542072437
PMI_011107,14.7282262553742,-3.2194898438675,0.976885617922829,-3.29566715365629,0.000981882718935906,0.0329116123836431
PMI_001888,99.9806016592989,1.67358082872888,0.508109179689821,3.29374255696487,0.000988630014992147,0.0329367349267134
PMI_002131,163.310238257949,1.71087509554655,0.519433528973397,3.29373249918599,0.000988665388275498,0.0329367349267134
PMI_006936,33.7902067294902,-2.21799390230974,0.673422774597161,-3.29361284764469,0.000989086293542121,0.0329367349267134
PMI_016298,147.024842291715,1.79936726663583,0.546274697665835,3.29388725914692,0.000988121226026901,0.0329367349267134
PMI_003146,33.4199427594065,-2.10896853295608,0.640486047913863,-3.2927626445966,0.000992081884057882,0.0329826832235726
PMI_017028,15.2349567724096,-2.90207762050837,0.881599204936835,-3.29183330050337,0.000995365926425207,0.033038056351411
PMI_023953,343.024391497374,-1.38833468230206,0.421810218898876,-3.29137280250409,0.000996996924137374,0.0330384711240523
PMI_004523,177.075603095954,-1.50697830945361,0.45850134548881,-3.28674784552054,0.0010135154220603,0.0335314267593467
PMI_015825,40.8542253798937,2.19779840858428,0.668872684527119,3.28582473081268,0.00101684259745888,0.0335870678671975
PMI_004478,84.2149409011817,-1.66828442875834,0.508465777222253,-3.28101615387405,0.00103433820119867,0.0340547511307557
PMI_028651,585.634489769122,1.46419437081389,0.446234568836962,3.28122129719819,0.00103358615122586,0.0340547511307557
PMI_011864,34.5642307212715,-2.01023217986176,0.612971343526265,-3.27948802353045,0.00103995624195791,0.0341300872039057
PMI_015528,2053.83108429949,1.42726298140023,0.435269756736178,3.27903089822368,0.00104164230284786,0.0341300872039057
PMI_019762,452.778112417353,-1.34627730127631,0.410518540246229,-3.27945554047039,0.00104007596906756,0.0341300872039057
PMI_000886,55.3956656665401,-2.38948394052751,0.728972530585512,-3.27787926193634,0.00104590121770139,0.0341689248366807
PMI_004472,192.906822982945,-1.49462663186106,0.455983960658705,-3.27780527565476,0.00104617537955839,0.0341689248366807
PMI_011817,87.0778671460104,-1.63726552797206,0.499607235978282,-3.27710531406962,0.00104877243348255,0.0341990282502865
PMI_025325,812.76958744009,-1.32552832659183,0.405035150487984,-3.27262541286809,0.00106553589280034,0.0346902459006911
PMI_021270,111.041741711269,1.54409507229639,0.471937432516766,3.27182157190199,0.00106856990852252,0.034733626660303
PMI_004166,561.350393242959,1.64635167839939,0.503361736480646,3.27071280767225,0.0010727679411704,0.0348146454421483
PMI_000161,147.773086771108,-2.24982920430209,0.689073898948314,-3.26500424371878,0.00109462436536439,0.035355327800923
PMI_003147,34.550693779644,-2.14134936722205,0.655748145692959,-3.26550579103688,0.00109268771175417,0.035355327800923
PMI_008129,121.601756773156,-1.53015806314699,0.468603959682689,-3.26535453132561,0.00109327144561919,0.035355327800923
PMI_013670,562.78091592473,1.34317561206695,0.411465325061559,3.26437133400244,0.00109707278657486,0.0353784309515839
PMI_021297,79.8349075540908,1.77461116064331,0.543875056156836,3.2629022797684,0.00110277537970273,0.0355062363184097
PMI_009159,144.947911261113,1.45512057519834,0.44609113231542,3.26193566692435,0.00110654252798391,0.0355154915467539
PMI_022914,319.961105876427,1.71791035391881,0.526602773275482,3.26225086744865,0.0011053128018777,0.0355154915467539
PMI_021566,96.3550599639484,1.50646467675217,0.462414436141152,3.25782362965052,0.00112270160022878,0.0359775632110992
PMI_007395,1002.59608801291,-1.30968145166993,0.40221898231433,-3.25614033463599,0.00112937915878655,0.0361144842034197
PMI_019277,92.7233236598002,-1.54710456030522,0.475176050353136,-3.25585550693362,0.00113051268338731,0.0361144842034197
PMI_002190,23.7555761873139,2.55911507383646,0.786119921569728,3.2553749162423,0.00113242766781533,0.0361191343486162
PMI_016477,33.6490205993729,-1.9385118215243,0.595695263934328,-3.25420049291849,0.0011371199553725,0.036212214741059
PMI_008891,330.499493590486,1.55449652882909,0.477857404990122,3.25305522650889,0.00114171305275534,0.036301851317593
PMI_017506,171.32830584273,-1.43981014712863,0.443099260415751,-3.24940769654566,0.00115645602394456,0.036713432063422
PMI_003036,85.4534487974122,-2.36358671056592,0.728402811095506,-3.24488960580907,0.00117496164198225,0.0372429999965585
PMI_000677,81.0455278608196,-1.84099981424154,0.56743715508627,-3.24441182206626,0.00117693450899161,0.0372476963287531
PMI_020120,383.284884943424,1.34651323050826,0.415164175688145,3.24332712059363,0.0011814248319537,0.0373319273911315
PMI_006591,139.791733298952,1.50687862689507,0.464679020246789,3.24283766048826,0.00118345622137784,0.0373383181560833
PMI_007670,123.382757015804,1.60200416936211,0.494210413791198,3.24154272078724,0.00118884613902477,0.0374504880183838
PMI_010179,303.12101859436,1.37660769246487,0.424768625546735,3.2408412713933,0.00119177523789122,0.037484912066369
PMI_012747,33.2319035222556,-1.93503604360121,0.597480323242993,-3.23866070282993,0.00120092344787643,0.0377145389869254
PMI_002815,8.93976467251661,-4.45983244893414,1.37741288288586,-3.23783268208601,0.00120441423170901,0.0377660640735421
PMI_004147,20.1936644503987,-2.37495192715017,0.734060419964015,-3.23536300631301,0.00121488168135014,0.037977610660644
PMI_028148,53.4710182312526,-1.76396472747298,0.545156595173763,-3.23570281106246,0.00121343648777063,0.037977610660644
PMI_024140,260.039458577324,1.45066324243797,0.44850740290147,3.23442429947285,0.00121888227894328,0.0380444097248763
PMI_022064,452.702724841789,-1.33442377263589,0.413259861022826,-3.22901858731978,0.00124215821132739,0.038711718424162
PMI_018026,516.777230808119,1.53854958104009,0.476617330190927,3.22806050804693,0.00124632608387467,0.0387459415153428
PMI_018054,157.161208262981,1.41062230406519,0.437010132213584,3.22789381774738,0.00124705254375056,0.0387459415153428
PMI_000771,32.1934019518927,-1.94296000579266,0.60207532957704,-3.22710450062386,0.00125049781159979,0.0387939389486118
PMI_003214,32.3986150842595,-1.97313873220521,0.611701767988586,-3.22565478058586,0.00125684855843747,0.0388776118951938
PMI_024974,705.183558512898,1.8706162339991,0.579924665700187,3.22561936857878,0.00125700405872865,0.0388776118951938
PMI_005789,414.787430216039,-1.58384828677707,0.491319374876757,-3.22366340056172,0.00126562069353925,0.0390258538024421
PMI_019837,87.7932565088454,-1.52668476710349,0.473559845240216,-3.22384759275581,0.00126480695107409,0.0390258538024421
PMI_002969,9.01053960924767,-3.74952663911882,1.163454502193,-3.22275313048454,0.00126964927594467,0.0390910266513703
PMI_026073,92.7119849848941,1.54841325237115,0.480743667074804,3.22087082663579,0.00127801736522522,0.0392894103559372
PMI_005631,148.750120880605,1.54272809497254,0.479344369648202,3.21841288363263,0.00128902120485294,0.0395681050446061
PMI_022366,11.2392826926785,-3.31984511427525,1.03176644571455,-3.21763237025612,0.00129253369752801,0.0396163519033623
PMI_002688,2417.37050796503,1.27574460967481,0.396821643054212,3.21490682780255,0.00130486867872557,0.0398150737501121
PMI_005063,287.915443745574,-1.60384895666798,0.498756082380549,-3.21569804023813,0.00130127674565491,0.0398150737501121
PMI_024077,155.936224534899,-1.65585229822018,0.515022376473619,-3.21510748631521,0.0013039568675236,0.0398150737501121
PMI_010094,4512.47814177295,1.27081449270297,0.395377156969245,3.21418288917947,0.00130816321737097,0.0398238435613955
PMI_020722,11.0679253734741,-3.17942106444604,0.989245282628898,-3.21398658176746,0.00130905790573147,0.0398238435613955
PMI_007327,278.178920831725,-1.4580164289759,0.453902435374783,-3.21218022937469,0.00131731706061287,0.0400154660093608
PMI_010206,680.229608484495,1.62854581749719,0.507080187689276,3.21161397552987,0.00131991601639004,0.0400348375075333
PMI_024204,29.5088344568836,-2.21269978598402,0.689534260284088,-3.2089772958814,0.00133208010439128,0.0402840758087989
PMI_029295,15.5503535296733,-2.91605680358665,0.908658402644674,-3.20918927850047,0.00133109833106068,0.0402840758087989
PMI_017971,334.38558241667,1.52807949097715,0.476335935280769,3.20798700622165,0.00133667537504686,0.0403632461994551
PMI_029169,26.933422687377,-2.2388302223581,0.698678230341146,-3.20437953428854,0.00135353919689712,0.040812105799499
PMI_007335,14.7711269571442,-2.6306284063618,0.821545070297089,-3.20205001706177,0.00136453303142284,0.0410829096909062
PMI_025896,79.9973944699182,-1.58368638259786,0.494975079290786,-3.19952750927787,0.00137653049889176,0.0413830884740464
PMI_009673,30.8075392774569,-2.40809787047385,0.752893185928267,-3.19845884579873,0.00138164251809488,0.0414147852009851
PMI_011293,174.549844715627,1.39694688654509,0.436752645396861,3.19848523247235,0.00138151608524584,0.0414147852009851
PMI_022881,267.970302538654,-1.388957381898,0.434409377351493,-3.19734668336626,0.00138698120440583,0.0415138523834842
PMI_015207,115.965855219841,1.64073866634287,0.513367072900346,3.19603409130482,0.00139330648076598,0.0416421159471097
PMI_005928,180.778941998647,1.38485376679271,0.433583764952488,3.19397052826565,0.00140330442804396,0.0418796100726045
PMI_025816,42.1951887765952,-1.87561332636792,0.587486620964633,-3.19260602613933,0.00140995171801628,0.042016561196885
PMI_021431,80.6022999336281,1.57588312974589,0.493796411249409,3.19136205497844,0.00141603711687831,0.0421363931003454
PMI_000263,65.0362042427495,-1.7492027009488,0.548879641982796,-3.18686022791792,0.001438262612064,0.0427071319647997
PMI_008803,1995.26376614458,-1.35730595168912,0.425937565835967,-3.18663123555492,0.00143940169459571,0.0427071319647997
PMI_016494,162.398196886741,1.40771663778764,0.441959027403354,3.18517453090259,0.00144666730956658,0.0428604060815423
PMI_001562,652.065036678988,-1.31068854907333,0.411621610489523,-3.18420732943197,0.00145151008340247,0.0428794143740878
PMI_013522,12.4213906630737,-8.74508272773248,2.74621002821764,-3.1844187581706,0.00145045018623409,0.0428794143740878
PMI_005498,2623.75379276615,1.69342854450267,0.532146235253489,3.18226162719351,0.0014612974991682,0.0430343421553748
PMI_011721,34.0954769098737,-1.90969125416169,0.600171597137909,-3.18190874621293,0.00146307908959144,0.0430343421553748
PMI_015620,699.108003226764,-1.31043057609159,0.411775130129957,-3.18239369064862,0.00146063126461121,0.0430343421553748
PMI_010338,135.938745151639,1.5122425734513,0.475463847562668,3.18056268884247,0.00146989332674754,0.0431725647178381
PMI_023407,36.0463404549465,-1.86188780066534,0.585649044403176,-3.1791869524226,0.00147688802082899,0.0433156827143422
PMI_009897,11.4405344079666,-3.00326832590681,0.945272451564139,-3.17714572231245,0.00148732283251115,0.04355914057396
PMI_024253,120.896166994939,-1.56838963497425,0.494101725638602,-3.17422415990794,0.00150237614819276,0.0439369689298838
PMI_001719,989.137603364093,-1.29260913007247,0.407557344536982,-3.17160062847346,0.00151601334722937,0.0441460491540558
PMI_009968,10.1690996422484,-3.47614611881659,1.09574144976108,-3.17241455050784,0.0015117704030757,0.0441460491540558
PMI_016080,44.0997625389063,-1.74999782157968,0.551737989007655,-3.17179142354724,0.00151501775671859,0.0441460491540558
PMI_002965,9.56314775000367,-3.66173192890301,1.15662055854489,-3.16588867615298,0.0015460995220757,0.0449311910762006
PMI_005311,192.428394498821,1.60468361508374,0.506905221537654,3.16564822555204,0.00154737801041341,0.0449311910762006
PMI_029267,159.401871780959,1.50366173739544,0.475281585687544,3.16372816173854,0.00155762207067921,0.0451644024556459
PMI_005536,65.3033319380975,-1.64556826618334,0.520452887959101,-3.16180062452195,0.00156796878643788,0.0453999245922787
PMI_000689,1647.21070672225,-1.63902831265034,0.519039565243827,-3.15780996749329,0.00158959142872739,0.0458309743426725
PMI_004690,12.1528732349247,2.69023800583609,0.851884427757008,3.15798471973414,0.00158863884755329,0.0458309743426725
PMI_015726,60.2296122152189,1.62222175647603,0.513624896670964,3.15837835546989,0.00158649504885907,0.0458309743426725
PMI_015387,112.929849279506,-1.48111686381881,0.469340964693861,-3.15573746004656,0.00160092891485673,0.0460927530874053
PMI_010649,221.869991691869,1.44437381813447,0.457961338417292,3.15392085962147,0.00161092764900289,0.0462532510376454
PMI_019711,385.049688062153,-1.64948417240622,0.522998019143712,-3.15390137635103,0.00161103519755871,0.0462532510376454
PMI_011707,108.365146789157,-1.58881277493051,0.504008495293032,-3.15235316421953,0.00161960255923743,0.0464339143844292
PMI_003082,496.263252262072,1.30936071780993,0.415581625256857,3.15067038154216,0.00162896214030427,0.0466367519916283
PMI_007342,658.307821552299,1.4090594317692,0.447640994289591,3.14774439728289,0.00164535497678804,0.0469743092883557
PMI_016779,164.227537460391,1.43717172027152,0.456543137802603,3.14794288046646,0.00164423819264584,0.0469743092883557
PMI_020251,809.234792841563,1.5022829159349,0.477354999474741,3.14709789902261,0.00164899740069218,0.0470125474026948
PMI_011265,27.8984970618446,-1.99359247391448,0.633560987181443,-3.14664651746233,0.00165154491827713,0.0470195068574492
PMI_008333,161.535584070525,1.36552505098937,0.434131122987197,3.1454207696361,0.00165848110228347,0.047141246826202
PMI_023862,103.898948622686,1.45761730264282,0.463460194867638,3.14507549684846,0.0016604397427149,0.047141246826202
PMI_010997,46.7092830328352,-1.95234002068751,0.621053845158949,-3.14359219559754,0.00166887834974756,0.0473150191019402
PMI_010676,109.521093124685,-1.53154131181619,0.487317986955965,-3.14279659854744,0.00167342079837474,0.0473780010502408
PMI_014918,685.091614193091,1.55901638338567,0.496343622760338,3.14100214427143,0.00168370799666533,0.0476032289971321
PMI_013478,56.5184910481994,-1.62849333703369,0.518915017154099,-3.13826596494525,0.00169950591581072,0.0479834222122326
PMI_016337,47.4572031868321,1.6439829032523,0.523948702599803,3.13767911838498,0.00170291190813064,0.0480131778738547
PMI_019895,119.879914970011,-1.78662605754112,0.569635920064348,-3.13643503615309,0.00171015319574891,0.0481508374963069
PMI_004190,399.139214059083,1.49283437255641,0.476627746921624,3.1320760954395,0.00173574880973537,0.0486166538701966
PMI_004320,33.5541338070259,-1.91144302449021,0.610591572448898,-3.13047724655614,0.0017452251859886,0.0486166538701966
PMI_004927,373.984635185924,1.40766261231994,0.449355059605212,3.13262882486884,0.00173248380440227,0.0486166538701966
PMI_006874,10.614571258325,-3.12729932203057,0.998950841288393,-3.13058380129812,0.0017445921595983,0.0486166538701966
PMI_012018,16.9444930337197,-2.94844904410281,0.941675928913194,-3.13106553281623,0.00174173289594718,0.0486166538701966
PMI_012345,69.9679122863693,1.75678221087939,0.560981288536016,3.13162354392253,0.00173842626999879,0.0486166538701966
PMI_025115,30737.4356822288,1.46918574786339,0.469308571425889,3.13053252660525,0.00174489674881321,0.0486166538701966
PMI_027332,26.0548585091991,-2.07102359664699,0.661586693817572,-3.13038883036857,0.0017457506141603,0.0486166538701966
PMI_015074,2042.22339884041,-1.25769099227463,0.401900383258163,-3.12936002219919,0.00175187518304184,0.0487207467458216
PMI_000631,26.1402831740893,-2.24502098362834,0.717877103000008,-3.12730545973176,0.00176416530094179,0.0488628307844299
PMI_004409,203.899397036933,1.51648091934877,0.484871459642156,3.12759369352852,0.0017624363580169,0.0488628307844299
PMI_017888,128.905012499081,1.5367158492157,0.491381029086767,3.12734061400721,0.00176395434791569,0.0488628307844299
PMI_010776,111.458266362246,1.44730462008228,0.462930927081596,3.12639431806028,0.00176964095775472,0.0489480770604973
PMI_001853,679.564661817908,1.44953076188494,0.463804023409965,3.12530872679315,0.00177618539407627,0.0489819617238912
PMI_008747,12.16255275816,-3.43813379237971,1.09999616570945,-3.12558706980789,0.00177450529861794,0.0489819617238912
PMI_013172,1143.49826741156,1.48574973335383,0.475440268278553,3.12499767580342,0.00177806464691145,0.0489819617238912
PMI_011419,323.870259945104,-1.33381346534564,0.426942778811941,-3.12410358375719,0.00178347659625404,0.0490419226982872
PMI_027278,9.87965417251062,2.96876601896256,0.950356457851873,3.12384473681904,0.00178504622372152,0.0490419226982872
PMI_004379,240.455618773501,1.35536364043778,0.434177958776536,3.12167767395895,0.00179823702344427,0.0492888508932561
PMI_011960,17.3233892281096,-2.8688699310806,0.919045601836507,-3.1215751703156,0.00179886317128672,0.0492888508932561
PMI_000902,67.8909673257561,-1.70296606370482,0.546095377895434,-3.11844072049792,0.00181810711452297,0.0497493572771548
PMI_006854,6713.61387861708,1.38692185533976,0.44487691982003,3.11754059055441,0.00182366832175304,0.0497987965371153
PMI_016745,126.129201550019,1.59000431334057,0.510048533663156,3.11735885587437,0.00182479301473386,0.0497987965371153
PMI_013769,42.7965451486143,-1.77320815838019,0.568910755902679,-3.11684766016892,0.00182796004677213,0.049818622743337
PMI_021130,73.26140028446,-1.72199407715154,0.552578102744692,-3.11629083490331,0.00183141551616506,0.0498462465753033
PMI_005255,4079.99209142947,1.38758505509052,0.44541766792597,3.11524475791818,0.00183792335096763,0.0499567634664478
PMI_019875,11.3460372383039,2.83880496358276,0.91140742869555,3.114748546263,0.00184101779799963,0.0499743302002212
